Price,AAPL
Ticker,AAPL
Date,
2018-01-02,40.38100051879883
2018-01-03,40.37395477294922
2018-01-04,40.561492919921875
2018-01-05,41.023292541503906
2018-01-08,40.87093734741211
2018-01-09,40.86625289916992
2018-01-10,40.85684585571289
2018-01-11,41.08894348144531
2018-01-12,41.513240814208984
2018-01-16,41.302268981933594
2018-01-17,41.984413146972656
2018-01-18,42.02191925048828
2018-01-19,41.834388732910156
2018-01-22,41.49214172363281
2018-01-23,41.50151443481445
2018-01-24,40.840450286865234
2018-01-25,40.111412048339844
2018-01-26,40.20518112182617
2018-01-29,39.37299346923828
2018-01-30,39.14091873168945
2018-01-31,39.248756408691406
2018-02-01,39.330806732177734
2018-02-02,37.624237060546875
2018-02-05,36.684207916259766
2018-02-06,38.217315673828125
2018-02-07,37.3991813659668
2018-02-08,36.37007522583008
2018-02-09,36.81494903564453
2018-02-12,38.29780960083008
2018-02-13,38.68146514892578
2018-02-14,39.394649505615234
2018-02-15,40.71745681762695
2018-02-16,40.58565139770508
2018-02-20,40.44912338256836
2018-02-21,40.265533447265625
2018-02-22,40.60211944580078
2018-02-23,41.30825424194336
2018-02-26,42.125003814697266
2018-02-27,41.98848342895508
2018-02-28,41.92493438720703
2018-03-01,41.1905517578125
2018-03-02,41.475372314453125
2018-03-05,41.61894226074219
2018-03-06,41.583641052246094
2018-03-07,41.19762420654297
2018-03-08,41.647178649902344
2018-03-09,42.36271667480469
2018-03-12,42.772281646728516
2018-03-13,42.36037063598633
2018-03-14,42.000247955322266
2018-03-15,42.0496826171875
2018-03-16,41.90140151977539
2018-03-19,41.26117706298828
2018-03-20,41.2470588684082
2018-03-21,40.31260299682617
2018-03-22,39.743011474609375
2018-03-23,38.822689056396484
2018-03-26,40.66567611694336
2018-03-27,39.62297058105469
2018-03-28,39.185176849365234
2018-03-29,39.49116134643555
2018-04-02,39.23224639892578
2018-04-03,39.634727478027344
2018-04-04,40.39265060424805
2018-04-05,40.672733306884766
2018-04-06,39.632381439208984
2018-04-09,40.02546310424805
2018-04-10,40.778656005859375
2018-04-11,40.588008880615234
2018-04-12,40.98813247680664
2018-04-13,41.12700653076172
2018-04-16,41.38357162475586
2018-04-17,41.95317840576172
2018-04-18,41.8590202331543
2018-04-19,40.672733306884766
2018-04-20,39.00629425048828
2018-04-23,38.893306732177734
2018-04-24,38.3519401550293
2018-04-25,38.51906204223633
2018-04-26,38.65322494506836
2018-04-27,38.20601272583008
2018-04-30,38.898014068603516
2018-05-01,39.801849365234375
2018-05-02,41.56010818481445
2018-05-03,41.635406494140625
2018-05-04,43.268917083740234
2018-05-07,43.58197021484375
2018-05-08,43.79144287109375
2018-05-09,44.09980773925781
2018-05-10,44.73058319091797
2018-05-11,44.56047821044922
2018-05-14,44.45650100708008
2018-05-15,44.052467346191406
2018-05-16,44.463592529296875
2018-05-17,44.18242263793945
2018-05-18,44.02174758911133
2018-05-21,44.33363723754883
2018-05-22,44.222591400146484
2018-05-23,44.506126403808594
2018-05-24,44.45650100708008
2018-05-25,44.5581169128418
2018-05-29,44.397438049316406
2018-05-30,44.302921295166016
2018-05-31,44.154056549072266
2018-06-01,44.95033645629883
2018-06-04,45.32602310180664
2018-06-05,45.67572784423828
2018-06-06,45.83403015136719
2018-06-07,45.71116256713867
2018-06-08,45.29530715942383
2018-06-11,45.18425750732422
2018-06-12,45.432350158691406
2018-06-13,45.05902862548828
2018-06-14,45.08265686035156
2018-06-15,44.619544982910156
2018-06-18,44.59592819213867
2018-06-19,43.87525939941406
2018-06-20,44.0666389465332
2018-06-21,43.8209114074707
2018-06-22,43.69331741333008
2018-06-25,43.04353713989258
2018-06-26,43.577537536621094
2018-06-27,43.51374816894531
2018-06-28,43.830360412597656
2018-06-29,43.73821258544922
2018-07-02,44.22731018066406
2018-07-03,43.45703125
2018-07-05,43.806724548339844
2018-07-06,44.41397476196289
2018-07-09,45.03066635131836
2018-07-10,44.976322174072266
2018-07-11,44.39271545410156
2018-07-12,45.13699722290039
2018-07-13,45.20789337158203
2018-07-16,45.108646392822266
2018-07-17,45.23623275756836
2018-07-18,44.988136291503906
2018-07-19,45.33783721923828
2018-07-20,45.23387908935547
2018-07-23,45.27404022216797
2018-07-24,45.60248565673828
2018-07-25,46.03250503540039
2018-07-26,45.88837432861328
2018-07-27,45.12519454956055
2018-07-30,44.872371673583984
2018-07-31,44.96213912963867
2018-08-01,47.61087417602539
2018-08-02,49.0025749206543
2018-08-03,49.14434814453125
2018-08-06,49.39954376220703
2018-08-07,48.93641662597656
2018-08-08,48.96949005126953
2018-08-09,49.35462951660156
2018-08-10,49.20763397216797
2018-08-13,49.525360107421875
2018-08-14,49.73401641845703
2018-08-15,49.850215911865234
2018-08-16,50.580509185791016
2018-08-17,51.590606689453125
2018-08-20,51.08793258666992
2018-08-21,50.988338470458984
2018-08-22,50.99071502685547
2018-08-23,51.095035552978516
2018-08-24,51.25389862060547
2018-08-27,51.67596435546875
2018-08-28,52.0932731628418
2018-08-29,52.87098693847656
2018-08-30,53.35708236694336
2018-08-31,53.97355651855469
2018-09-04,54.14665603637695
2018-09-05,53.79336166381836
2018-09-06,52.89944839477539
2018-09-07,52.47265625
2018-09-10,51.76844024658203
2018-09-11,53.07727813720703
2018-09-12,52.41811752319336
2018-09-13,53.684288024902344
2018-09-14,53.07489776611328
2018-09-17,51.6617317199707
2018-09-18,51.74708938598633
2018-09-19,51.77791976928711
2018-09-20,52.17152404785156
2018-09-21,51.60957336425781
2018-09-24,52.35171890258789
2018-09-25,52.683692932128906
2018-09-26,52.26398849487305
2018-09-27,53.33810043334961
2018-09-28,53.525428771972656
2018-10-01,53.885833740234375
2018-10-02,54.36479568481445
2018-10-03,55.02634048461914
2018-10-04,54.05893325805664
2018-10-05,53.18160629272461
2018-10-08,53.058311462402344
2018-10-09,53.79336166381836
2018-10-10,51.30132293701172
2018-10-11,50.84843826293945
2018-10-12,52.664710998535156
2018-10-15,51.53843307495117
2018-10-16,52.674190521240234
2018-10-17,52.446563720703125
2018-10-18,51.220703125
2018-10-19,52.000789642333984
2018-10-22,52.31851577758789
2018-10-23,52.81171417236328
2018-10-24,51.00018310546875
2018-10-25,52.11697769165039
2018-10-26,51.287086486816406
2018-10-29,50.324432373046875
2018-10-30,50.57575607299805
2018-10-31,51.89409255981445
2018-11-01,52.69078826904297
2018-11-02,49.195762634277344
2018-11-05,47.799190521240234
2018-11-06,48.31608963012695
2018-11-07,49.78144454956055
2018-11-08,49.60774612426758
2018-11-09,48.6512336730957
2018-11-12,46.20047378540039
2018-11-13,45.73887634277344
2018-11-14,44.44686508178711
2018-11-15,45.54376220703125
2018-11-16,46.048194885253906
2018-11-19,44.22320556640625
2018-11-20,42.110313415527344
2018-11-21,42.06272506713867
2018-11-23,40.99437713623047
2018-11-26,41.54877853393555
2018-11-27,41.458370208740234
2018-11-28,43.05253982543945
2018-11-29,42.72182083129883
2018-11-30,42.49101257324219
2018-12-03,43.97574996948242
2018-12-04,42.04130935668945
2018-12-06,41.57257080078125
2018-12-07,40.09021759033203
2018-12-10,40.354331970214844
2018-12-11,40.1235237121582
2018-12-12,40.235355377197266
2018-12-13,40.67555618286133
2018-12-14,39.374019622802734
2018-12-17,39.00759506225586
2018-12-18,39.514404296875
2018-12-19,38.28187942504883
2018-12-20,37.31586456298828
2018-12-21,35.86442947387695
2018-12-24,34.93647384643555
2018-12-26,37.396751403808594
2018-12-27,37.15406036376953
2018-12-28,37.173091888427734
2018-12-31,37.532379150390625
2019-01-02,37.57521057128906
2019-01-03,33.83244323730469
2019-01-04,35.27672576904297
2019-01-07,35.19820785522461
2019-01-08,35.869178771972656
2019-01-09,36.478309631347656
2019-01-10,36.59489440917969
2019-01-11,36.235618591308594
2019-01-14,35.69074249267578
2019-01-15,36.42121124267578
2019-01-16,36.86613845825195
2019-01-17,37.085052490234375
2019-01-18,37.31348419189453
2019-01-22,36.47593307495117
2019-01-23,36.62346267700195
2019-01-24,36.333160400390625
2019-01-25,37.537139892578125
2019-01-28,37.189762115478516
2019-01-29,36.80427932739258
2019-01-30,39.319297790527344
2019-01-31,39.602447509765625
2019-02-01,39.62147903442383
2019-02-04,40.74692153930664
2019-02-05,41.444068908691406
2019-02-06,41.458370208740234
2019-02-07,40.67318344116211
2019-02-08,40.7209358215332
2019-02-11,40.48677062988281
2019-02-12,40.83565139770508
2019-02-13,40.66598892211914
2019-02-14,40.81414794921875
2019-02-15,40.72333526611328
2019-02-19,40.84521484375
2019-02-20,41.10807418823242
2019-02-21,40.876277923583984
2019-02-22,41.33269500732422
2019-02-25,41.633785247802734
2019-02-26,41.65767288208008
2019-02-27,41.78670883178711
2019-02-28,41.375701904296875
2019-03-01,41.81061935424805
2019-03-04,42.020896911621094
2019-03-05,41.94442367553711
2019-03-06,41.70307540893555
2019-03-07,41.22037887573242
2019-03-08,41.318355560302734
2019-03-11,42.74971389770508
2019-03-12,43.230018615722656
2019-03-13,43.42120361328125
2019-03-14,43.90387725830078
2019-03-15,44.474998474121094
2019-03-18,44.92902755737305
2019-03-19,44.57297134399414
2019-03-20,44.96247482299805
2019-03-21,46.61845779418945
2019-03-22,45.6530647277832
2019-03-25,45.10107421875
2019-03-26,44.63510513305664
2019-03-27,45.03654861450195
2019-03-28,45.09629821777344
2019-03-29,45.39020538330078
2019-04-01,45.6984748840332
2019-04-02,46.36277770996094
2019-04-03,46.68058776855469
2019-04-04,46.761837005615234
2019-04-05,47.07486343383789
2019-04-08,47.815643310546875
2019-04-09,47.672271728515625
2019-04-10,47.93989181518555
2019-04-11,47.54083251953125
2019-04-12,47.521724700927734
2019-04-15,47.607749938964844
2019-04-16,47.612518310546875
2019-04-17,48.53968811035156
2019-04-18,48.71412658691406
2019-04-22,48.87422180175781
2019-04-23,49.57915115356445
2019-04-24,49.502685546875
2019-04-25,49.053443908691406
2019-04-26,48.819271087646484
2019-04-29,48.89334487915039
2019-04-30,47.95185852050781
2019-05-01,50.30558776855469
2019-05-02,49.978206634521484
2019-05-03,50.599517822265625
2019-05-06,49.818119049072266
2019-05-07,48.47516632080078
2019-05-08,48.484718322753906
2019-05-09,47.96379470825195
2019-05-10,47.29932403564453
2019-05-13,44.550323486328125
2019-05-14,45.25556182861328
2019-05-15,45.797691345214844
2019-05-16,45.596195220947266
2019-05-17,45.33711624145508
2019-05-20,43.919429779052734
2019-05-21,44.76142120361328
2019-05-22,43.845069885253906
2019-05-23,43.09666061401367
2019-05-24,42.9311408996582
2019-05-28,42.75362014770508
2019-05-29,42.54973602294922
2019-05-30,42.770423889160156
2019-05-31,41.9956169128418
2019-06-03,41.57102966308594
2019-06-04,43.09185028076172
2019-06-05,43.78750991821289
2019-06-06,44.43038558959961
2019-06-07,45.612979888916016
2019-06-10,46.195892333984375
2019-06-11,46.730812072753906
2019-06-12,46.582088470458984
2019-06-13,46.57249450683594
2019-06-14,46.234275817871094
2019-06-17,46.510128021240234
2019-06-18,47.60397720336914
2019-06-19,47.464839935302734
2019-06-20,47.846248626708984
2019-06-21,47.68313980102539
2019-06-24,47.635162353515625
2019-06-25,46.91313934326172
2019-06-26,47.92781448364258
2019-06-27,47.91342544555664
2019-06-28,47.476844787597656
2019-07-01,48.34760665893555
2019-07-02,48.63066101074219
2019-07-03,49.03365707397461
2019-07-05,48.990474700927734
2019-07-08,47.9805908203125
2019-07-09,48.27324676513672
2019-07-10,48.7505989074707
2019-07-11,48.39558410644531
2019-07-12,48.76738739013672
2019-07-15,49.22555923461914
2019-07-16,49.05525207519531
2019-07-17,48.779388427734375
2019-07-18,49.333499908447266
2019-07-19,48.597076416015625
2019-07-22,49.70771026611328
2019-07-23,50.096317291259766
2019-07-24,50.055538177490234
2019-07-25,49.65974426269531
2019-07-26,49.83245849609375
2019-07-29,50.29781723022461
2019-07-30,50.08192825317383
2019-07-31,51.10382080078125
2019-08-01,49.99795913696289
2019-08-02,48.94010925292969
2019-08-05,46.37818908691406
2019-08-06,47.25616455078125
2019-08-07,47.745506286621094
2019-08-08,48.79857635498047
2019-08-09,48.396453857421875
2019-08-12,48.273658752441406
2019-08-13,50.317962646484375
2019-08-14,48.820255279541016
2019-08-15,48.577056884765625
2019-08-16,49.723209381103516
2019-08-19,50.65025329589844
2019-08-20,50.65265655517578
2019-08-21,51.201663970947266
2019-08-22,51.15831756591797
2019-08-23,48.793758392333984
2019-08-26,49.72080612182617
2019-08-27,49.159759521484375
2019-08-28,49.48963928222656
2019-08-29,50.32759094238281
2019-08-30,50.262577056884766
2019-09-03,49.53057861328125
2019-09-04,50.370933532714844
2019-09-05,51.35578155517578
2019-09-06,51.350948333740234
2019-09-09,51.570068359375
2019-09-10,52.17927169799805
2019-09-11,53.838321685791016
2019-09-12,53.717918395996094
2019-09-13,52.67289352416992
2019-09-16,52.949790954589844
2019-09-17,53.14242935180664
2019-09-18,53.6408576965332
2019-09-19,53.20503616333008
2019-09-20,52.42728042602539
2019-09-23,52.66567611694336
2019-09-24,52.41524887084961
2019-09-25,53.221893310546875
2019-09-26,52.9473876953125
2019-09-27,52.68975067138672
2019-09-30,53.929813385009766
2019-10-01,54.0791015625
2019-10-02,52.72345733642578
2019-10-03,53.17131805419922
2019-10-04,54.66181182861328
2019-10-07,54.67385482788086
2019-10-08,54.033355712890625
2019-10-09,54.66663360595703
2019-10-10,55.403446197509766
2019-10-11,56.87709045410156
2019-10-14,56.795223236083984
2019-10-15,56.66279220581055
2019-10-16,56.43403244018555
2019-10-17,56.653160095214844
2019-10-18,56.92525100708008
2019-10-21,57.912479400634766
2019-10-22,57.78006362915039
2019-10-23,58.55540084838867
2019-10-24,58.6517219543457
2019-10-25,59.37408447265625
2019-10-28,59.968833923339844
2019-10-29,58.58189010620117
2019-10-30,58.57465362548828
2019-10-31,59.89899826049805
2019-11-01,61.59898376464844
2019-11-04,62.003509521484375
2019-11-05,61.9144287109375
2019-11-06,61.94091033935547
2019-11-07,62.655792236328125
2019-11-08,62.8272705078125
2019-11-11,63.32477951049805
2019-11-12,63.266807556152344
2019-11-13,63.87300109863281
2019-11-14,63.43104553222656
2019-11-15,64.1845703125
2019-11-18,64.50820922851562
2019-11-19,64.31257629394531
2019-11-20,63.56388854980469
2019-11-21,63.27891159057617
2019-11-22,63.22334671020508
2019-11-25,64.3318862915039
2019-11-26,63.829551696777344
2019-11-27,64.6869125366211
2019-11-29,64.54441833496094
2019-12-02,63.79814910888672
2019-12-03,62.6606330871582
2019-12-04,63.21369934082031
2019-12-05,64.14109802246094
2019-12-06,65.38004302978516
2019-12-09,64.46473693847656
2019-12-10,64.84149169921875
2019-12-11,65.3945541381836
2019-12-12,65.56118774414062
2019-12-13,66.45238494873047
2019-12-16,67.58988952636719
2019-12-17,67.72274780273438
2019-12-18,67.5609130859375
2019-12-19,67.62854766845703
2019-12-20,67.48847198486328
2019-12-23,68.58976745605469
2019-12-24,68.65499114990234
2019-12-26,70.0171127319336
2019-12-27,69.99054718017578
2019-12-30,70.40593719482422
2019-12-31,70.92037200927734
2020-01-02,72.53852081298828
2020-01-03,71.83328247070312
2020-01-06,72.40567016601562
2020-01-07,72.06513977050781
2020-01-08,73.22442626953125
2020-01-09,74.77977752685547
2020-01-10,74.94881439208984
2020-01-13,76.550048828125
2020-01-14,75.51637268066406
2020-01-15,75.19274139404297
2020-01-16,76.13465881347656
2020-01-17,76.9775161743164
2020-01-21,76.45587921142578
2020-01-22,76.7287826538086
2020-01-23,77.09827423095703
2020-01-24,76.87609100341797
2020-01-27,74.61550903320312
2020-01-28,76.7263412475586
2020-01-29,78.3324203491211
2020-01-30,78.2188949584961
2020-01-31,74.75077056884766
2020-02-03,74.54549407958984
2020-02-04,77.00650787353516
2020-02-05,77.63443756103516
2020-02-06,78.54254150390625
2020-02-07,77.47492980957031
2020-02-10,77.84291076660156
2020-02-11,77.37326049804688
2020-02-12,79.21068572998047
2020-02-13,78.64662170410156
2020-02-14,78.6659927368164
2020-02-18,77.2255630493164
2020-02-19,78.34403228759766
2020-02-20,77.54029846191406
2020-02-21,75.78516387939453
2020-02-24,72.18534088134766
2020-02-25,69.74027252197266
2020-02-26,70.84661102294922
2020-02-27,66.21548461914062
2020-02-28,66.17675018310547
2020-03-02,72.33785247802734
2020-03-03,70.04044342041016
2020-03-04,73.28925323486328
2020-03-05,70.91197204589844
2020-03-06,69.97024536132812
2020-03-09,64.43617248535156
2020-03-10,69.07695007324219
2020-03-11,66.6778793334961
2020-03-12,60.09312057495117
2020-03-13,67.29277038574219
2020-03-16,58.63576126098633
2020-03-17,61.21398162841797
2020-03-18,59.71546936035156
2020-03-19,59.25791931152344
2020-03-20,55.49591064453125
2020-03-23,54.316932678222656
2020-03-24,59.76630401611328
2020-03-25,59.437068939208984
2020-03-26,62.56482696533203
2020-03-27,59.974510192871094
2020-03-30,61.6860466003418
2020-03-31,61.56016540527344
2020-04-01,58.321048736572266
2020-04-02,59.294227600097656
2020-04-03,58.44209671020508
2020-04-06,63.54042434692383
2020-04-07,62.80448532104492
2020-04-08,64.41194152832031
2020-04-09,64.87676239013672
2020-04-13,66.150146484375
2020-04-14,69.49090576171875
2020-04-15,68.85664367675781
2020-04-16,69.40377807617188
2020-04-17,68.46206665039062
2020-04-20,67.0409927368164
2020-04-21,64.96873474121094
2020-04-22,66.84007263183594
2020-04-23,66.5810317993164
2020-04-24,68.50322723388672
2020-04-27,68.55162048339844
2020-04-28,67.4404296875
2020-04-29,69.6555404663086
2020-04-30,71.12499237060547
2020-05-01,69.97993469238281
2020-05-04,70.97006225585938
2020-05-05,72.0352554321289
2020-05-06,72.7784652709961
2020-05-07,73.53135681152344
2020-05-08,75.28150177001953
2020-05-11,76.46610260009766
2020-05-12,75.59221649169922
2020-05-13,74.67951202392578
2020-05-14,75.13829803466797
2020-05-15,74.6940689086914
2020-05-18,76.45394897460938
2020-05-19,76.01214599609375
2020-05-20,77.49044799804688
2020-05-21,76.91273498535156
2020-05-22,77.40792846679688
2020-05-26,76.88359832763672
2020-05-27,77.21858215332031
2020-05-28,77.25257110595703
2020-05-29,77.17731475830078
2020-06-01,78.12644958496094
2020-06-02,78.48814392089844
2020-06-03,78.92021179199219
2020-06-04,78.24053192138672
2020-06-05,80.46891021728516
2020-06-08,80.94467163085938
2020-06-09,83.50074005126953
2020-06-10,85.64900970458984
2020-06-11,81.5369873046875
2020-06-12,82.24091339111328
2020-06-15,83.25799560546875
2020-06-16,85.46451568603516
2020-06-17,85.3455581665039
2020-06-18,85.37955474853516
2020-06-19,84.89166259765625
2020-06-22,87.11275482177734
2020-06-23,88.97212982177734
2020-06-24,87.401611328125
2020-06-25,88.5619125366211
2020-06-26,85.84078216552734
2020-06-29,87.81912231445312
2020-06-30,88.55221557617188
2020-07-01,88.38469696044922
2020-07-02,88.38469696044922
2020-07-06,90.74900817871094
2020-07-07,90.4674301147461
2020-07-08,92.57445526123047
2020-07-09,92.97254180908203
2020-07-10,93.13514709472656
2020-07-13,92.70552062988281
2020-07-14,94.23966979980469
2020-07-15,94.88776397705078
2020-07-16,93.7201919555664
2020-07-17,93.53083038330078
2020-07-20,95.50190734863281
2020-07-21,94.1838150024414
2020-07-22,94.4483871459961
2020-07-23,90.14944458007812
2020-07-24,89.9261245727539
2020-07-27,92.0573959350586
2020-07-28,90.5451431274414
2020-07-29,92.28071594238281
2020-07-30,93.39732360839844
2020-07-31,103.17495727539062
2020-08-03,105.77471923828125
2020-08-04,106.48110961914062
2020-08-05,106.8670654296875
2020-08-06,110.59559631347656
2020-08-07,108.08109283447266
2020-08-10,109.65204620361328
2020-08-11,106.39099884033203
2020-08-12,109.92683410644531
2020-08-13,111.87226867675781
2020-08-14,111.77257537841797
2020-08-17,111.48075103759766
2020-08-18,112.40970611572266
2020-08-19,112.55074310302734
2020-08-20,115.04821014404297
2020-08-21,120.9769058227539
2020-08-24,122.423828125
2020-08-25,121.41950988769531
2020-08-26,123.07069396972656
2020-08-27,121.59943389892578
2020-08-28,121.40247344970703
2020-08-31,125.51950073242188
2020-09-01,130.51927185058594
2020-09-02,127.81511688232422
2020-09-03,117.58211517333984
2020-09-04,117.65994262695312
2020-09-08,109.74202728271484
2020-09-09,114.11925506591797
2020-09-10,110.39373779296875
2020-09-11,108.94438934326172
2020-09-14,112.21270751953125
2020-09-15,112.3878173828125
2020-09-16,109.07083892822266
2020-09-17,107.32967376708984
2020-09-18,103.92515563964844
2020-09-21,107.0767822265625
2020-09-22,108.75955963134766
2020-09-23,104.19751739501953
2020-09-24,105.26752471923828
2020-09-25,109.21673583984375
2020-09-28,111.82363891601562
2020-09-29,110.97737121582031
2020-09-30,112.65045166015625
2020-10-01,113.60370635986328
2020-10-02,109.93656158447266
2020-10-05,113.32162475585938
2020-10-06,110.07274627685547
2020-10-07,111.94036865234375
2020-10-08,111.83335876464844
2020-10-09,113.77879333496094
2020-10-12,121.00609588623047
2020-10-13,117.79611206054688
2020-10-14,117.88367462158203
2020-10-15,117.41676330566406
2020-10-16,115.77287292480469
2020-10-19,112.81578826904297
2020-10-20,114.30406951904297
2020-10-21,113.6815414428711
2020-10-22,112.5920639038086
2020-10-23,111.9014663696289
2020-10-26,111.91117095947266
2020-10-27,113.41889953613281
2020-10-28,108.16622161865234
2020-10-29,112.17383575439453
2020-10-30,105.89006042480469
2020-11-02,105.8025131225586
2020-11-03,107.42694854736328
2020-11-04,111.81391143798828
2020-11-05,115.78260040283203
2020-11-06,115.65106201171875
2020-11-09,113.34175109863281
2020-11-10,113.00070190429688
2020-11-11,116.4305648803711
2020-11-12,116.15774536132812
2020-11-13,116.20645904541016
2020-11-16,117.2198257446289
2020-11-17,116.33314514160156
2020-11-18,115.00796508789062
2020-11-19,115.60233306884766
2020-11-20,114.33562469482422
2020-11-23,110.93497467041016
2020-11-24,112.22119140625
2020-11-25,113.05917358398438
2020-11-27,113.60482025146484
2020-11-30,116.00184631347656
2020-12-01,119.57785034179688
2020-12-02,119.92864990234375
2020-12-03,119.792236328125
2020-12-04,119.11990356445312
2020-12-07,120.5815200805664
2020-12-08,121.19537353515625
2020-12-09,118.66193389892578
2020-12-10,120.08455657958984
2020-12-11,119.27581787109375
2020-12-14,118.66193389892578
2020-12-15,124.60575103759766
2020-12-16,124.53754425048828
2020-12-17,125.40475463867188
2020-12-18,123.4170150756836
2020-12-21,124.94676971435547
2020-12-22,128.50332641601562
2020-12-23,127.60691833496094
2020-12-24,128.591064453125
2020-12-28,133.190185546875
2020-12-29,131.41676330566406
2020-12-30,130.2962188720703
2020-12-31,129.2926483154297
2021-01-04,126.09659576416016
2021-01-05,127.65559387207031
2021-01-06,123.35852813720703
2021-01-07,127.56791687011719
2021-01-08,128.6689910888672
2021-01-11,125.67759704589844
2021-01-12,125.50221252441406
2021-01-13,127.53866577148438
2021-01-14,125.60940551757812
2021-01-15,123.88471221923828
2021-01-19,124.55703735351562
2021-01-20,128.64952087402344
2021-01-21,133.36557006835938
2021-01-22,135.50924682617188
2021-01-25,139.26065063476562
2021-01-26,139.49453735351562
2021-01-27,138.42269897460938
2021-01-28,133.57994079589844
2021-01-29,128.58132934570312
2021-02-01,130.7054901123047
2021-02-02,131.53370666503906
2021-02-03,130.51055908203125
2021-02-04,133.87225341796875
2021-02-05,133.45753479003906
2021-02-08,133.6038818359375
2021-02-09,132.72561645507812
2021-02-10,132.12060546875
2021-02-11,131.8668670654297
2021-02-12,132.10108947753906
2021-02-16,129.97372436523438
2021-02-17,127.68048858642578
2021-02-18,126.57776641845703
2021-02-19,126.73387908935547
2021-02-22,122.95733642578125
2021-02-23,122.82072448730469
2021-02-24,122.32304382324219
2021-02-25,118.06834411621094
2021-02-26,118.33180236816406
2021-03-01,124.70413208007812
2021-03-02,122.0986099243164
2021-03-03,119.11250305175781
2021-03-04,117.22909545898438
2021-03-05,118.48796081542969
2021-03-08,113.5501480102539
2021-03-09,118.1659164428711
2021-03-10,117.08273315429688
2021-03-11,119.01490783691406
2021-03-12,118.10736846923828
2021-03-15,120.99588012695312
2021-03-16,122.53775024414062
2021-03-17,121.74730682373047
2021-03-18,117.61943817138672
2021-03-19,117.09247589111328
2021-03-22,120.41038513183594
2021-03-23,119.5809097290039
2021-03-24,117.1900634765625
2021-03-25,117.67801666259766
2021-03-26,118.28302001953125
2021-03-29,118.45867156982422
2021-03-30,117.004638671875
2021-03-31,119.20033264160156
2021-04-01,120.0298080444336
2021-04-05,122.85977172851562
2021-04-06,123.16228485107422
2021-04-07,124.81144714355469
2021-04-08,127.2120590209961
2021-04-09,129.78831481933594
2021-04-12,128.07086181640625
2021-04-13,131.18380737304688
2021-04-14,128.84176635742188
2021-04-15,131.25210571289062
2021-04-16,130.92030334472656
2021-04-19,131.5839080810547
2021-04-20,129.89564514160156
2021-04-21,130.27622985839844
2021-04-22,128.75390625
2021-04-23,131.07643127441406
2021-04-26,131.4667510986328
2021-04-27,131.144775390625
2021-04-28,130.35430908203125
2021-04-29,130.25672912597656
2021-04-30,128.28553771972656
2021-05-03,129.3394317626953
2021-05-04,124.76268005371094
2021-05-05,125.00665283203125
2021-05-06,126.60704803466797
2021-05-07,127.2815170288086
2021-05-10,123.9970932006836
2021-05-11,123.07823181152344
2021-05-12,120.00886535644531
2021-05-13,122.15937805175781
2021-05-14,124.58361053466797
2021-05-17,123.43011474609375
2021-05-18,122.04206848144531
2021-05-19,121.88567352294922
2021-05-20,124.44673156738281
2021-05-21,122.60901641845703
2021-05-24,124.24146270751953
2021-05-25,124.04595947265625
2021-05-26,123.9970932006836
2021-05-27,122.46239471435547
2021-05-28,121.80746459960938
2021-06-01,121.48489379882812
2021-06-02,122.2473373413086
2021-06-03,120.76155090332031
2021-06-04,123.05870056152344
2021-06-07,123.06845092773438
2021-06-08,123.88956451416016
2021-06-09,124.2707748413086
2021-06-10,123.27373504638672
2021-06-11,124.48583984375
2021-06-14,127.54544830322266
2021-06-15,126.7243423461914
2021-06-16,127.22283935546875
2021-06-17,128.8259735107422
2021-06-18,127.52587890625
2021-06-21,129.32447814941406
2021-06-22,130.96670532226562
2021-06-23,130.6930389404297
2021-06-24,130.40951538085938
2021-06-25,130.11627197265625
2021-06-28,131.74874877929688
2021-06-29,133.2638702392578
2021-06-30,133.8797149658203
2021-07-01,134.18272399902344
2021-07-02,136.81222534179688
2021-07-06,138.82591247558594
2021-07-07,141.3185577392578
2021-07-08,140.01846313476562
2021-07-09,141.84642028808594
2021-07-12,141.25009155273438
2021-07-13,142.3644561767578
2021-07-14,145.7955322265625
2021-07-15,145.14059448242188
2021-07-16,143.0976104736328
2021-07-19,139.24627685546875
2021-07-20,142.86302185058594
2021-07-21,142.1298828125
2021-07-22,143.49839782714844
2021-07-23,145.2188262939453
2021-07-26,145.63916015625
2021-07-27,143.4690704345703
2021-07-28,141.7193145751953
2021-07-29,142.3644561767578
2021-07-30,142.5795440673828
2021-08-02,142.24720764160156
2021-08-03,144.04579162597656
2021-08-04,143.64501953125
2021-08-05,143.7525634765625
2021-08-06,143.0672607421875
2021-08-09,143.01834106445312
2021-08-10,142.5386505126953
2021-08-11,142.79315185546875
2021-08-12,145.7594451904297
2021-08-13,145.96502685546875
2021-08-16,147.9425506591797
2021-08-17,147.03216552734375
2021-08-18,143.28265380859375
2021-08-19,143.61550903320312
2021-08-20,145.0741729736328
2021-08-23,146.562255859375
2021-08-24,146.47413635253906
2021-08-25,145.24061584472656
2021-08-26,144.4378204345703
2021-08-27,145.4755401611328
2021-08-30,149.9005126953125
2021-08-31,148.6376495361328
2021-09-01,149.3033447265625
2021-09-02,150.41937255859375
2021-09-03,151.0557098388672
2021-09-07,153.39544677734375
2021-09-08,151.84869384765625
2021-09-09,150.83053588867188
2021-09-10,145.83778381347656
2021-09-13,146.4055938720703
2021-09-14,145.00563049316406
2021-09-15,145.89651489257812
2021-09-16,145.66156005859375
2021-09-17,142.98895263671875
2021-09-20,139.9345703125
2021-09-21,140.4142608642578
2021-09-22,142.78338623046875
2021-09-23,143.7427520751953
2021-09-24,143.83087158203125
2021-09-27,142.3134765625
2021-09-28,138.92623901367188
2021-09-29,139.82687377929688
2021-09-30,138.5248565673828
2021-10-01,139.65066528320312
2021-10-04,136.2144775390625
2021-10-05,138.14300537109375
2021-10-06,139.0143280029297
2021-10-07,140.27719116210938
2021-10-08,139.8953857421875
2021-10-11,139.80731201171875
2021-10-12,138.53463745117188
2021-10-13,137.94723510742188
2021-10-14,140.73727416992188
2021-10-15,141.79461669921875
2021-10-18,143.46865844726562
2021-10-19,145.63221740722656
2021-10-20,146.1216583251953
2021-10-21,146.3370361328125
2021-10-22,145.5636749267578
2021-10-25,145.5146942138672
2021-10-26,146.18043518066406
2021-10-27,145.72032165527344
2021-10-28,149.36209106445312
2021-10-29,146.65036010742188
2021-11-01,145.8280029296875
2021-11-02,146.86570739746094
2021-11-03,148.30479431152344
2021-11-04,147.7859344482422
2021-11-05,148.31536865234375
2021-11-08,147.49180603027344
2021-11-09,147.8545379638672
2021-11-10,145.02122497558594
2021-11-11,144.97216796875
2021-11-12,147.05062866210938
2021-11-15,147.0604248046875
2021-11-16,148.04086303710938
2021-11-17,150.48202514648438
2021-11-18,154.77621459960938
2021-11-19,157.40365600585938
2021-11-22,157.864501953125
2021-11-23,158.24679565429688
2021-11-24,158.76644897460938
2021-11-26,153.73695373535156
2021-11-29,157.0997772216797
2021-11-30,162.0605926513672
2021-12-01,161.54098510742188
2021-12-02,160.55076599121094
2021-12-03,158.6683807373047
2021-12-06,162.0802459716797
2021-12-07,167.82534790039062
2021-12-08,171.64892578125
2021-12-09,171.13912963867188
2021-12-10,175.9333038330078
2021-12-13,172.29600524902344
2021-12-14,170.91366577148438
2021-12-15,175.7862548828125
2021-12-16,168.88417053222656
2021-12-17,167.78616333007812
2021-12-20,166.4233856201172
2021-12-21,169.59988403320312
2021-12-22,172.19796752929688
2021-12-23,172.82545471191406
2021-12-27,176.79605102539062
2021-12-28,175.77642822265625
2021-12-29,175.8646697998047
2021-12-30,174.70782470703125
2021-12-31,174.09017944335938
2022-01-03,178.44313049316406
2022-01-04,176.1783905029297
2022-01-05,171.4920654296875
2022-01-06,168.62933349609375
2022-01-07,168.79598999023438
2022-01-10,168.8155975341797
2022-01-11,171.64892578125
2022-01-12,172.09011840820312
2022-01-13,168.8155975341797
2022-01-14,169.6783447265625
2022-01-18,166.47242736816406
2022-01-19,162.9723663330078
2022-01-20,161.28607177734375
2022-01-21,159.2272186279297
2022-01-24,158.45272827148438
2022-01-25,156.64877319335938
2022-01-26,156.56053161621094
2022-01-27,156.0997314453125
2022-01-28,166.9920196533203
2022-01-31,171.35484313964844
2022-02-01,171.18817138671875
2022-02-02,172.39405822753906
2022-02-03,169.51165771484375
2022-02-04,169.22698974609375
2022-02-07,168.5103759765625
2022-02-08,171.62222290039062
2022-02-09,173.04562377929688
2022-02-10,168.96194458007812
2022-02-11,165.54579162597656
2022-02-14,165.7814178466797
2022-02-15,169.61961364746094
2022-02-16,169.384033203125
2022-02-17,165.7814178466797
2022-02-18,164.23037719726562
2022-02-22,161.30506896972656
2022-02-23,157.13304138183594
2022-02-24,159.75405883789062
2022-02-25,161.82533264160156
2022-02-28,162.09039306640625
2022-03-01,160.20562744140625
2022-03-02,163.5039520263672
2022-03-03,163.17999267578125
2022-03-04,160.1761474609375
2022-03-07,156.37713623046875
2022-03-08,154.55130004882812
2022-03-09,159.96018981933594
2022-03-10,155.61148071289062
2022-03-11,151.89100646972656
2022-03-14,147.85641479492188
2022-03-15,152.24440002441406
2022-03-16,156.66183471679688
2022-03-17,157.67294311523438
2022-03-18,160.97128295898438
2022-03-21,162.3456268310547
2022-03-22,165.7224578857422
2022-03-23,167.08700561523438
2022-03-24,170.87619018554688
2022-03-25,171.5142059326172
2022-03-28,172.37808227539062
2022-03-29,175.6764373779297
2022-03-30,174.50828552246094
2022-03-31,171.40628051757812
2022-04-01,171.1117401123047
2022-04-04,175.1659698486328
2022-04-05,171.8480224609375
2022-04-06,168.67724609375
2022-04-07,168.9815216064453
2022-04-08,166.96920776367188
2022-04-11,162.70884704589844
2022-04-12,164.58377075195312
2022-04-13,167.27346801757812
2022-04-14,162.25721740722656
2022-04-18,162.04129028320312
2022-04-19,164.32855224609375
2022-04-20,164.1616668701172
2022-04-21,163.36654663085938
2022-04-22,158.8214874267578
2022-04-25,159.8914794921875
2022-04-26,153.9230499267578
2022-04-27,153.69725036621094
2022-04-28,160.63751220703125
2022-04-29,154.75743103027344
2022-05-02,155.06175231933594
2022-05-03,156.55386352539062
2022-05-04,162.97386169433594
2022-05-05,153.8936004638672
2022-05-06,154.62106323242188
2022-05-09,149.48931884765625
2022-05-10,151.8979034423828
2022-05-11,144.0233154296875
2022-05-12,140.14993286132812
2022-05-13,144.6230010986328
2022-05-16,143.07952880859375
2022-05-17,146.71697998046875
2022-05-18,138.43931579589844
2022-05-19,135.0279998779297
2022-05-20,135.26394653320312
2022-05-23,140.6905975341797
2022-05-24,137.98712158203125
2022-05-25,138.14442443847656
2022-05-26,141.3492889404297
2022-05-27,147.1102294921875
2022-05-31,146.32374572753906
2022-06-01,146.1959686279297
2022-06-02,148.6536865234375
2022-06-03,142.92225646972656
2022-06-06,143.66940307617188
2022-06-07,146.1959686279297
2022-06-08,145.45863342285156
2022-06-09,140.2285614013672
2022-06-10,134.81173706054688
2022-06-13,129.65048217773438
2022-06-14,130.51559448242188
2022-06-15,133.1404571533203
2022-06-16,127.86126708984375
2022-06-17,129.3358917236328
2022-06-21,133.57301330566406
2022-06-22,133.06179809570312
2022-06-23,135.9324493408203
2022-06-24,139.26515197753906
2022-06-27,139.26515197753906
2022-06-28,135.11647033691406
2022-06-29,136.87620544433594
2022-06-30,134.40866088867188
2022-07-01,136.5812530517578
2022-07-05,139.16685485839844
2022-07-06,140.50384521484375
2022-07-07,143.87583923339844
2022-07-08,144.55418395996094
2022-07-11,142.42086791992188
2022-07-12,143.39413452148438
2022-07-13,143.0303955078125
2022-07-14,145.96002197265625
2022-07-15,147.63125610351562
2022-07-18,144.5836944580078
2022-07-19,148.447265625
2022-07-20,150.45272827148438
2022-07-21,152.72372436523438
2022-07-22,151.4849853515625
2022-07-25,150.36427307128906
2022-07-26,149.03712463378906
2022-07-27,154.1393280029297
2022-07-28,154.68991088867188
2022-07-29,159.7626495361328
2022-08-01,158.77955627441406
2022-08-02,157.30491638183594
2022-08-03,163.32147216796875
2022-08-04,163.0068817138672
2022-08-05,162.7804412841797
2022-08-08,162.30787658691406
2022-08-09,162.35714721679688
2022-08-10,166.61001586914062
2022-08-11,165.87164306640625
2022-08-12,169.42556762695312
2022-08-15,170.49859619140625
2022-08-16,170.34109497070312
2022-08-17,171.8374786376953
2022-08-18,171.4436492919922
2022-08-19,168.8545684814453
2022-08-22,164.9659423828125
2022-08-23,164.63124084472656
2022-08-24,164.9265594482422
2022-08-25,167.38772583007812
2022-08-26,161.07730102539062
2022-08-29,158.87216186523438
2022-08-30,156.44053649902344
2022-08-31,154.7767791748047
2022-09-01,155.50527954101562
2022-09-02,153.3887176513672
2022-09-06,152.12857055664062
2022-09-07,153.53636169433594
2022-09-08,152.0596923828125
2022-09-09,154.92442321777344
2022-09-12,160.89027404785156
2022-09-13,151.44931030273438
2022-09-14,152.896484375
2022-09-15,150.00213623046875
2022-09-16,148.35809326171875
2022-09-19,152.07936096191406
2022-09-20,154.4617462158203
2022-09-21,151.33116149902344
2022-09-22,150.3664093017578
2022-09-23,148.09230041503906
2022-09-26,148.42703247070312
2022-09-27,149.40162658691406
2022-09-28,147.511474609375
2022-09-29,140.26580810546875
2022-09-30,136.0523681640625
2022-10-03,140.23629760742188
2022-10-04,143.82958984375
2022-10-05,144.12489318847656
2022-10-06,143.16995239257812
2022-10-07,137.91299438476562
2022-10-10,138.23789978027344
2022-10-11,136.8202362060547
2022-10-12,136.19017028808594
2022-10-13,140.76791381835938
2022-10-14,136.2295684814453
2022-10-17,140.19691467285156
2022-10-18,141.51609802246094
2022-10-19,141.6243896484375
2022-10-20,141.16171264648438
2022-10-21,144.98143005371094
2022-10-24,147.1275177001953
2022-10-25,149.9726104736328
2022-10-26,147.0290985107422
2022-10-27,142.5498046875
2022-10-28,153.3197784423828
2022-10-31,150.95709228515625
2022-11-01,148.3088836669922
2022-11-02,142.7761993408203
2022-11-03,136.72178649902344
2022-11-04,136.45555114746094
2022-11-07,136.98800659179688
2022-11-08,137.55996704101562
2022-11-09,132.99436950683594
2022-11-10,144.8274688720703
2022-11-11,147.6181182861328
2022-11-14,146.21786499023438
2022-11-15,147.95335388183594
2022-11-16,146.7207489013672
2022-11-17,148.62391662597656
2022-11-18,149.1859893798828
2022-11-21,145.95162963867188
2022-11-22,148.09144592285156
2022-11-23,148.96908569335938
2022-11-25,146.05023193359375
2022-11-28,142.21435546875
2022-11-29,139.2067413330078
2022-11-30,145.9713592529297
2022-12-01,146.2474365234375
2022-12-02,145.75439453125
2022-12-05,144.5908203125
2022-12-06,140.92254638671875
2022-12-07,138.97994995117188
2022-12-08,140.66616821289062
2022-12-09,140.18295288085938
2022-12-12,142.4805450439453
2022-12-13,143.44692993164062
2022-12-14,141.21836853027344
2022-12-15,134.60171508789062
2022-12-16,132.6393585205078
2022-12-19,130.52911376953125
2022-12-20,130.46011352539062
2022-12-21,133.5663299560547
2022-12-22,130.39108276367188
2022-12-23,130.02621459960938
2022-12-27,128.2216796875
2022-12-28,124.28716278076172
2022-12-29,127.80752563476562
2022-12-30,128.12303161621094
2023-01-03,123.33063507080078
2023-01-04,124.60270690917969
2023-01-05,123.28133392333984
2023-01-06,127.8173828125
2023-01-09,128.3400115966797
2023-01-10,128.91192626953125
2023-01-11,131.633544921875
2023-01-12,131.55465698242188
2023-01-13,132.8858642578125
2023-01-17,134.0494842529297
2023-01-18,133.3296356201172
2023-01-19,133.38880920410156
2023-01-20,135.95262145996094
2023-01-23,139.14755249023438
2023-01-24,140.54783630371094
2023-01-25,139.8871612548828
2023-01-26,141.95791625976562
2023-01-27,143.90054321289062
2023-01-30,141.01129150390625
2023-01-31,142.28335571289062
2023-02-01,143.407470703125
2023-02-02,148.72254943847656
2023-02-03,152.35134887695312
2023-02-06,149.61988830566406
2023-02-07,152.49928283691406
2023-02-08,149.80726623535156
2023-02-09,148.77183532714844
2023-02-10,149.1372528076172
2023-02-13,151.94204711914062
2023-02-14,151.30007934570312
2023-02-15,153.40370178222656
2023-02-16,151.80377197265625
2023-02-17,150.65814208984375
2023-02-21,146.63865661621094
2023-02-22,147.06329345703125
2023-02-23,147.54722595214844
2023-02-24,144.89056396484375
2023-02-27,146.08558654785156
2023-02-28,145.5819091796875
2023-03-01,143.50796508789062
2023-03-02,144.10052490234375
2023-03-03,149.156982421875
2023-03-06,151.9222869873047
2023-03-07,149.71995544433594
2023-03-08,150.97418212890625
2023-03-09,148.72247314453125
2023-03-10,146.65838623046875
2023-03-13,148.6039581298828
2023-03-14,150.69764709472656
2023-03-15,151.0927276611328
2023-03-16,153.91725158691406
2023-03-17,153.07777404785156
2023-03-20,155.447998046875
2023-03-21,157.30470275878906
2023-03-22,155.87271118164062
2023-03-23,156.95904541015625
2023-03-24,158.26266479492188
2023-03-27,156.31710815429688
2023-03-28,155.6949005126953
2023-03-29,158.77622985839844
2023-03-30,160.3465118408203
2023-03-31,162.85499572753906
2023-04-03,164.10923767089844
2023-04-04,163.57595825195312
2023-04-05,161.7291259765625
2023-04-06,162.6179962158203
2023-04-10,160.0205841064453
2023-04-11,158.80584716796875
2023-04-12,158.1145477294922
2023-04-13,163.50680541992188
2023-04-14,163.16116333007812
2023-04-17,163.18089294433594
2023-04-18,164.40553283691406
2023-04-19,165.5511474609375
2023-04-20,164.58328247070312
2023-04-21,162.97354125976562
2023-04-24,163.2796630859375
2023-04-25,161.73899841308594
2023-04-26,161.7291259765625
2023-04-27,166.3214874267578
2023-04-28,167.57571411132812
2023-05-01,167.48683166503906
2023-05-02,166.44985961914062
2023-05-03,165.37338256835938
2023-05-04,163.73399353027344
2023-05-05,171.41748046875
2023-05-08,171.34832763671875
2023-05-09,169.63978576660156
2023-05-10,171.40760803222656
2023-05-11,171.59523010253906
2023-05-12,170.66561889648438
2023-05-15,170.17115783691406
2023-05-16,170.17115783691406
2023-05-17,170.78431701660156
2023-05-18,173.1182403564453
2023-05-19,173.22706604003906
2023-05-22,172.27761840820312
2023-05-23,169.66676330566406
2023-05-24,169.9436798095703
2023-05-25,171.08099365234375
2023-05-26,173.4940643310547
2023-05-30,175.3434295654297
2023-05-31,175.29397583007812
2023-06-01,178.1026153564453
2023-06-02,178.95315551757812
2023-06-05,177.59825134277344
2023-06-06,177.23236083984375
2023-06-07,175.85769653320312
2023-06-08,178.5773468017578
2023-06-09,178.96304321289062
2023-06-12,181.76177978515625
2023-06-13,181.28709411621094
2023-06-14,181.92002868652344
2023-06-15,183.9573211669922
2023-06-16,182.8793182373047
2023-06-20,182.96832275390625
2023-06-21,181.92994689941406
2023-06-22,184.93638610839844
2023-06-23,184.61990356445312
2023-06-26,183.2254638671875
2023-06-27,185.9846954345703
2023-06-28,187.1615447998047
2023-06-29,187.49778747558594
2023-06-30,191.8294677734375
2023-07-03,190.33612060546875
2023-07-05,189.2185821533203
2023-07-06,189.6933135986328
2023-07-07,188.5757598876953
2023-07-10,186.5286102294922
2023-07-11,186.0044708251953
2023-07-12,187.6758270263672
2023-07-13,188.43731689453125
2023-07-14,188.58566284179688
2023-07-17,191.84922790527344
2023-07-18,191.59210205078125
2023-07-19,192.94700622558594
2023-07-20,190.99871826171875
2023-07-21,189.82188415527344
2023-07-24,190.6229248046875
2023-07-25,191.4833221435547
2023-07-26,192.35362243652344
2023-07-27,191.08773803710938
2023-07-28,193.6689453125
2023-07-31,194.28208923339844
2023-08-01,193.45135498046875
2023-08-02,190.45477294921875
2023-08-03,189.0603485107422
2023-08-04,179.98165893554688
2023-08-07,176.87631225585938
2023-08-08,177.81582641601562
2023-08-09,176.22360229492188
2023-08-10,176.00601196289062
2023-08-11,176.06544494628906
2023-08-14,177.71926879882812
2023-08-15,175.72874450683594
2023-08-16,174.8572998046875
2023-08-17,172.3122100830078
2023-08-18,172.79747009277344
2023-08-21,174.1343536376953
2023-08-22,175.5108642578125
2023-08-23,179.36312866210938
2023-08-24,174.6691131591797
2023-08-25,176.87750244140625
2023-08-28,178.4421844482422
2023-08-29,182.33404541015625
2023-08-30,185.82980346679688
2023-08-31,186.0476837158203
2023-09-01,187.62228393554688
2023-09-05,187.8599395751953
2023-09-06,181.1357879638672
2023-09-07,175.83767700195312
2023-09-08,176.45166015625
2023-09-11,177.62020874023438
2023-09-12,174.58990478515625
2023-09-13,172.52017211914062
2023-09-14,174.03530883789062
2023-09-15,173.3123779296875
2023-09-18,176.24368286132812
2023-09-19,177.33303833007812
2023-09-20,173.78775024414062
2023-09-21,172.24288940429688
2023-09-22,173.0945281982422
2023-09-25,174.3720245361328
2023-09-26,170.29200744628906
2023-09-27,168.77684020996094
2023-09-28,169.03431701660156
2023-09-29,169.54928588867188
2023-10-02,172.0646514892578
2023-10-03,170.7277374267578
2023-10-04,171.9755096435547
2023-10-05,173.21339416503906
2023-10-06,175.7683563232422
2023-10-09,177.25381469726562
2023-10-10,176.6596221923828
2023-10-11,178.0559539794922
2023-10-12,178.95712280273438
2023-10-13,177.11517333984375
2023-10-16,176.98641967773438
2023-10-17,175.431640625
2023-10-18,174.1343536376953
2023-10-19,173.758056640625
2023-10-20,171.20309448242188
2023-10-23,171.3218994140625
2023-10-24,171.75765991210938
2023-10-25,169.44036865234375
2023-10-26,165.27117919921875
2023-10-27,166.58828735351562
2023-10-30,168.63818359375
2023-10-31,169.113525390625
2023-11-01,172.2825164794922
2023-11-02,175.84759521484375
2023-11-03,174.93649291992188
2023-11-06,177.49148559570312
2023-11-07,180.05636596679688
2023-11-08,181.11598205566406
2023-11-09,180.64064025878906
2023-11-10,184.83509826660156
2023-11-13,183.24855041503906
2023-11-14,185.8664093017578
2023-11-15,186.4315948486328
2023-11-16,188.1173553466797
2023-11-17,188.09750366210938
2023-11-20,189.8427276611328
2023-11-21,189.03953552246094
2023-11-22,189.7039031982422
2023-11-24,188.37513732910156
2023-11-27,188.1966552734375
2023-11-28,188.80152893066406
2023-11-29,187.7801971435547
2023-11-30,188.35533142089844
2023-12-01,189.63449096679688
2023-12-04,187.83966064453125
2023-12-05,191.7961883544922
2023-12-06,190.7054443359375
2023-12-07,192.6390380859375
2023-12-08,194.0669708251953
2023-12-11,191.55819702148438
2023-12-12,193.07537841796875
2023-12-13,196.29808044433594
2023-12-14,196.4468231201172
2023-12-15,195.91136169433594
2023-12-18,194.2454376220703
2023-12-19,195.28665161132812
2023-12-20,193.19436645507812
2023-12-21,193.04559326171875
2023-12-22,191.9746856689453
2023-12-26,191.42930603027344
2023-12-27,191.5284423828125
2023-12-28,191.954833984375
2023-12-29,190.91366577148438
2024-01-02,184.0814971923828
2024-01-03,182.7031707763672
2024-01-04,180.38282775878906
2024-01-05,179.658935546875
2024-01-08,184.00216674804688
2024-01-09,183.585693359375
2024-01-10,184.62689208984375
2024-01-11,184.03189086914062
2024-01-12,184.35914611816406
2024-01-16,182.08837890625
2024-01-17,181.14634704589844
2024-01-18,187.04641723632812
2024-01-19,189.95179748535156
2024-01-22,192.26223754882812
2024-01-23,193.54141235351562
2024-01-24,192.8671112060547
2024-01-25,192.53988647460938
2024-01-26,190.8045654296875
2024-01-29,190.12037658691406
2024-01-30,186.4613494873047
2024-01-31,182.85191345214844
2024-02-01,185.291259765625
2024-02-02,184.2897491455078
2024-02-05,186.10438537597656
2024-02-06,187.71078491210938
2024-02-07,187.81988525390625
2024-02-08,186.739013671875
2024-02-09,187.50352478027344
2024-02-12,185.8156280517578
2024-02-13,183.72067260742188
2024-02-14,182.83700561523438
2024-02-15,182.54910278320312
2024-02-16,181.01011657714844
2024-02-20,180.26548767089844
2024-02-21,181.02008056640625
2024-02-22,183.0554656982422
2024-02-23,181.21864318847656
2024-02-26,179.86834716796875
2024-02-27,181.32786560058594
2024-02-28,180.12648010253906
2024-02-29,179.4612579345703
2024-03-01,178.37905883789062
2024-03-04,173.85154724121094
2024-03-05,168.9070587158203
2024-03-06,167.91416931152344
2024-03-07,167.79505920410156
2024-03-08,169.51271057128906
2024-03-11,171.518310546875
2024-03-12,171.99488830566406
2024-03-13,169.90985107421875
2024-03-14,171.7665252685547
2024-03-15,171.3892364501953
2024-03-18,172.48138427734375
2024-03-19,174.8245391845703
2024-03-20,177.39608764648438
2024-03-21,170.14813232421875
2024-03-22,171.05166625976562
2024-03-25,169.63186645507812
2024-03-26,168.49998474121094
2024-03-27,172.07432556152344
2024-03-28,170.25735473632812
2024-04-01,168.8177032470703
2024-04-02,167.63616943359375
2024-04-03,168.44039916992188
2024-04-04,167.61631774902344
2024-04-05,168.37091064453125
2024-04-08,167.24896240234375
2024-04-09,168.4602508544922
2024-04-10,166.583740234375
2024-04-11,173.79197692871094
2024-04-12,175.2912139892578
2024-04-15,171.45872497558594
2024-04-16,168.17233276367188
2024-04-17,166.8021697998047
2024-04-18,165.84901428222656
2024-04-19,163.8235626220703
2024-04-22,164.65756225585938
2024-04-23,165.7100067138672
2024-04-24,167.8148956298828
2024-04-25,168.6787109375
2024-04-26,168.09291076660156
2024-04-29,172.26295471191406
2024-04-30,169.1155548095703
2024-05-01,168.09291076660156
2024-05-02,171.7963104248047
2024-05-03,182.07249450683594
2024-05-06,180.4144287109375
2024-05-07,181.09950256347656
2024-05-08,181.43707275390625
2024-05-09,183.25404357910156
2024-05-10,181.9913787841797
2024-05-13,185.20269775390625
2024-05-14,186.34603881835938
2024-05-15,188.62281799316406
2024-05-16,188.74209594726562
2024-05-17,188.7719268798828
2024-05-20,189.93516540527344
2024-05-21,191.2375946044922
2024-05-22,189.79595947265625
2024-05-23,185.79922485351562
2024-05-24,188.88128662109375
2024-05-28,188.8912353515625
2024-05-29,189.18951416015625
2024-05-30,190.1837158203125
2024-05-31,191.1381378173828
2024-06-03,192.90786743164062
2024-06-04,193.2260284423828
2024-06-05,194.7372283935547
2024-06-06,193.3552703857422
2024-06-07,195.75132751464844
2024-06-10,192.0031280517578
2024-06-11,205.95199584960938
2024-06-12,211.83778381347656
2024-06-13,213.00100708007812
2024-06-14,211.2611083984375
2024-06-17,215.4169464111328
2024-06-18,213.05068969726562
2024-06-20,208.46734619140625
2024-06-21,206.2900390625
2024-06-24,206.93629455566406
2024-06-25,207.86090087890625
2024-06-26,212.0167236328125
2024-06-27,212.86183166503906
2024-06-28,209.4019317626953
2024-07-01,215.49647521972656
2024-07-02,218.99610900878906
2024-07-03,220.2687225341797
2024-07-05,225.031005859375
2024-07-08,226.50247192382812
2024-07-09,227.35748291015625
2024-07-10,231.6326141357422
2024-07-11,226.25392150878906
2024-07-12,229.20672607421875
2024-07-15,233.04440307617188
2024-07-16,233.46197509765625
2024-07-17,227.55633544921875
2024-07-18,222.88351440429688
2024-07-19,223.01275634765625
2024-07-22,222.664794921875
2024-07-23,223.7086944580078
2024-07-24,217.276123046875
2024-07-25,216.23220825195312
2024-07-26,216.69949340820312
2024-07-29,216.97787475585938
2024-07-30,217.5346221923828
2024-07-31,220.79566955566406
2024-08-01,217.09716796875
2024-08-02,218.5885009765625
2024-08-05,208.0597381591797
2024-08-06,206.03155517578125
2024-08-07,208.6065673828125
2024-08-08,212.0763702392578
2024-08-09,214.98944091796875
2024-08-12,216.52230834960938
2024-08-13,220.24496459960938
2024-08-14,220.69290161132812
2024-08-15,223.6790008544922
2024-08-16,225.00283813476562
2024-08-19,224.84356689453125
2024-08-20,225.460693359375
2024-08-21,225.35121154785156
2024-08-22,223.4898681640625
2024-08-23,225.78916931152344
2024-08-26,226.12759399414062
2024-08-27,226.97366333007812
2024-08-28,225.44078063964844
2024-08-29,228.72549438476562
2024-08-30,227.93917846679688
2024-09-03,221.738037109375
2024-09-04,219.82691955566406
2024-09-05,221.34983825683594
2024-09-06,219.7970733642578
2024-09-09,219.8866424560547
2024-09-10,219.09034729003906
2024-09-11,221.62852478027344
2024-09-12,221.738037109375
2024-09-13,221.4692840576172
2024-09-16,215.3179168701172
2024-09-17,215.7857208251953
2024-09-18,219.66766357421875
2024-09-19,227.80975341796875
2024-09-20,227.1428680419922
2024-09-23,225.42088317871094
2024-09-24,226.31671142578125
2024-09-25,225.32135009765625
2024-09-26,226.46600341796875
2024-09-27,226.73475646972656
2024-09-30,231.920654296875
2024-10-01,225.162109375
2024-10-02,225.72946166992188
2024-10-03,224.6245880126953
2024-10-04,225.74935913085938
2024-10-07,220.66302490234375
2024-10-08,224.72412109375
2024-10-09,228.47666931152344
2024-10-10,227.97897338867188
2024-10-11,226.49588012695312
2024-10-14,230.228515625
2024-10-15,232.76670837402344
2024-10-16,230.70626831054688
2024-10-17,231.07456970214844
2024-10-18,233.91136169433594
2024-10-21,235.384521484375
2024-10-22,234.76739501953125
2024-10-23,229.69100952148438
2024-10-24,229.50189208984375
2024-10-25,230.3380126953125
2024-10-28,232.3187713623047
2024-10-29,232.5875244140625
2024-10-30,229.03407287597656
2024-10-31,224.8634796142578
2024-11-01,221.8773956298828
2024-11-04,220.98153686523438
2024-11-05,222.4148712158203
2024-11-06,221.68826293945312
2024-11-07,226.4261932373047
2024-11-08,226.15716552734375
2024-11-11,223.4368133544922
2024-11-12,223.4368133544922
2024-11-13,224.3236541748047
2024-11-14,227.41270446777344
2024-11-15,224.2041015625
2024-11-18,227.2134246826172
2024-11-19,227.4724884033203
2024-11-20,228.18994140625
2024-11-21,227.71165466308594
2024-11-22,229.05686950683594
2024-11-25,232.04624938964844
2024-11-26,234.22850036621094
2024-11-27,234.0989532470703
2024-11-29,236.490478515625
2024-12-02,238.7424774169922
2024-12-03,241.79165649414062
2024-12-04,242.15037536621094
2024-12-05,242.18028259277344
2024-12-06,241.98098754882812
2024-12-09,245.8771514892578
2024-12-10,246.8935546875
2024-12-11,245.6180877685547
2024-12-12,247.0828857421875
2024-12-13,247.25228881835938
2024-12-16,250.15196228027344
2024-12-17,252.58334350585938
2024-12-18,247.1725616455078
2024-12-19,248.90638732910156
2024-12-20,253.5897674560547
2024-12-23,254.3670196533203
2024-12-24,257.2866516113281
2024-12-26,258.1037292480469
2024-12-27,254.6858673095703
2024-12-30,251.307861328125
2024-12-31,249.5341796875
2025-01-02,242.98741149902344
2025-01-03,242.4991455078125
2025-01-06,244.1333465576172
2025-01-07,241.35321044921875
2025-01-08,241.8414764404297
2025-01-10,236.01219177246094
2025-01-13,233.5708465576172
2025-01-14,232.45480346679688
2025-01-15,237.028564453125
2025-01-16,227.4525604248047
2025-01-17,229.16647338867188
2025-01-21,221.85243225097656
2025-01-22,223.03823852539062
2025-01-23,222.8688507080078
2025-01-24,221.991943359375
2025-01-27,229.04690551757812
2025-01-28,237.41717529296875
2025-01-29,238.51329040527344
2025-01-30,236.7495574951172
2025-01-31,235.16519165039062
2025-02-03,227.20343017578125
2025-02-04,231.9765167236328
2025-02-05,231.64767456054688
2025-02-06,232.39501953125
2025-02-07,226.82481384277344
2025-02-10,227.0941162109375
2025-02-11,232.05198669433594
2025-02-12,236.29161071777344
2025-02-13,240.9402313232422
2025-02-14,244.00274658203125
2025-02-18,243.87306213378906
2025-02-19,244.27207946777344
2025-02-20,245.22975158691406
2025-02-21,244.95042419433594
2025-02-24,246.49664306640625
2025-02-25,246.43678283691406
2025-02-26,239.77310180664062
2025-02-27,236.72056579589844
2025-02-28,241.24948120117188
2025-03-03,237.4487762451172
2025-03-04,235.35391235351562
2025-03-05,235.1643829345703
2025-03-06,234.75538635253906
2025-03-07,238.4862518310547
2025-03-10,226.92454528808594
2025-03-11,220.30075073242188
2025-03-12,216.45018005371094
2025-03-13,209.16799926757812
2025-03-14,212.9687042236328
2025-03-17,213.4774627685547
2025-03-18,212.17066955566406
2025-03-19,214.7144317626953
2025-03-20,213.5772247314453
2025-03-21,217.73704528808594
2025-03-24,220.19102478027344
2025-03-25,223.2036590576172
2025-03-26,220.98907470703125
2025-03-27,223.3034210205078
2025-03-28,217.36793518066406
2025-03-31,221.58761596679688
2025-04-01,222.64503479003906
2025-04-02,223.34332275390625
2025-04-03,202.69384765625
2025-04-04,187.92002868652344
2025-04-07,181.0169219970703
2025-04-08,171.9989776611328
2025-04-09,198.3644561767578
2025-04-10,189.9550323486328
2025-04-11,197.66615295410156
2025-04-14,202.02549743652344
2025-04-15,201.6464080810547
2025-04-16,193.79563903808594
2025-04-17,196.4990234375
2025-04-21,192.6883544921875
2025-04-22,199.25228881835938
2025-04-23,204.1004180908203
2025-04-24,207.8612060546875
2025-04-25,208.76898193359375
2025-04-28,209.62689208984375
2025-04-29,210.6942901611328
2025-04-30,211.9811248779297
2025-05-01,212.79913330078125
2025-05-02,204.8485870361328
2025-05-05,198.40435791015625
2025-05-06,198.02528381347656
2025-05-07,195.7707977294922
2025-05-08,197.00778198242188
2025-05-09,198.0452423095703
2025-05-12,210.55104064941406
2025-05-13,212.68861389160156
2025-05-14,212.08929443359375
2025-05-15,211.21029663085938
2025-05-16,211.0205078125
2025-05-19,208.54331970214844
2025-05-20,206.62550354003906
2025-05-21,201.86090087890625
2025-05-22,201.13172912597656
2025-05-23,195.04864501953125
2025-05-27,199.98304748535156
2025-05-28,200.1927947998047
2025-05-29,199.72332763671875
2025-05-30,200.622314453125
2025-06-02,201.47134399414062
2025-06-03,203.03956604003906
2025-06-04,202.590087890625
2025-06-05,200.40257263183594
2025-06-06,203.68882751464844
2025-06-09,201.2216339111328
2025-06-10,202.44024658203125
2025-06-11,198.55465698242188
2025-06-12,198.97418212890625
2025-06-13,196.227294921875
2025-06-16,198.195068359375
2025-06-17,195.418212890625
2025-06-18,196.35714721679688
2025-06-20,200.7721405029297
2025-06-23,201.27157592773438
2025-06-24,200.07293701171875
2025-06-25,201.33151245117188
2025-06-26,200.7721405029297
2025-06-27,200.85205078125
2025-06-30,204.93740844726562
2025-07-01,207.58441162109375
2025-07-02,212.1991729736328
2025-07-03,213.30792236328125
2025-07-07,209.7119903564453
2025-07-08,209.7719268798828
2025-07-09,210.90065002441406
2025-07-10,212.16920471191406
2025-07-11,210.92062377929688
2025-07-14,208.3834991455078
2025-07-15,208.87295532226562
2025-07-16,209.92176818847656
2025-07-17,209.78192138671875
2025-07-18,210.9405975341797
2025-07-21,212.23912048339844
2025-07-22,214.15695190429688
2025-07-23,213.9072265625
2025-07-24,213.51766967773438
2025-07-25,213.63754272460938
2025-07-28,213.80735778808594
2025-07-29,211.03050231933594
2025-07-30,208.81301879882812
2025-07-31,207.33470153808594
2025-08-01,202.1505889892578
2025-08-04,203.11949157714844
2025-08-05,202.68995666503906
2025-08-06,213.0082550048828
2025-08-07,219.7805633544922
2025-08-08,229.0900115966797
2025-08-11,227.17999267578125
2025-08-12,229.64999389648438
2025-08-13,233.3300018310547
2025-08-14,232.77999877929688
2025-08-15,231.58999633789062
2025-08-18,230.88999938964844
2025-08-19,230.55999755859375
2025-08-20,226.00999450683594
2025-08-21,224.89999389648438
2025-08-22,227.75999450683594
2025-08-25,227.16000366210938
2025-08-26,229.30999755859375
2025-08-27,230.49000549316406
2025-08-28,232.55999755859375
2025-08-29,232.13999938964844
2025-09-02,229.72000122070312
2025-09-03,238.47000122070312
