Price,MSFT
Ticker,MSFT
Date,
2018-01-02,79.19831848144531
2018-01-03,79.56689453125
2018-01-04,80.26721954345703
2018-01-05,81.26237487792969
2018-01-08,81.34529113769531
2018-01-09,81.2900161743164
2018-01-10,80.92143249511719
2018-01-11,81.16100311279297
2018-01-12,82.56160736083984
2018-01-16,81.40979766845703
2018-01-17,83.0592041015625
2018-01-18,83.02233123779297
2018-01-19,82.93020629882812
2018-01-22,84.41374206542969
2018-01-23,84.68093872070312
2018-01-24,84.6072006225586
2018-01-25,85.0771713256836
2018-01-26,86.67127227783203
2018-01-29,86.54224395751953
2018-01-30,85.4549560546875
2018-01-31,87.54662322998047
2018-02-01,86.85553741455078
2018-02-02,84.57037353515625
2018-02-05,81.08731842041016
2018-02-06,84.15570831298828
2018-02-07,82.5708236694336
2018-02-08,78.33216094970703
2018-02-09,81.25314331054688
2018-02-12,82.1285171508789
2018-02-13,82.77354431152344
2018-02-14,84.06962585449219
2018-02-15,85.78230285644531
2018-02-16,85.17129516601562
2018-02-20,85.83784484863281
2018-02-21,84.69915771484375
2018-02-22,84.92134857177734
2018-02-23,87.07839965820312
2018-02-26,88.33746337890625
2018-02-27,87.20800018310547
2018-02-28,86.80994415283203
2018-03-01,85.95822143554688
2018-03-02,86.14339447021484
2018-03-05,86.6895523071289
2018-03-06,86.3933334350586
2018-03-07,86.89325714111328
2018-03-08,87.42092895507812
2018-03-09,89.37431335449219
2018-03-12,89.5872573852539
2018-03-13,87.4024429321289
2018-03-14,86.88397979736328
2018-03-15,87.1894760131836
2018-03-16,87.57831573486328
2018-03-19,85.99524688720703
2018-03-20,86.21742248535156
2018-03-21,85.61569213867188
2018-03-22,83.12535095214844
2018-03-23,80.70906829833984
2018-03-26,86.81918334960938
2018-03-27,82.82909393310547
2018-03-28,82.75504302978516
2018-03-29,84.4954833984375
2018-04-02,81.94959259033203
2018-04-03,83.05127716064453
2018-04-04,85.476806640625
2018-04-05,85.52310180664062
2018-04-06,83.53268432617188
2018-04-09,84.03260040283203
2018-04-10,85.9859848022461
2018-04-11,85.04169464111328
2018-04-12,86.63404083251953
2018-04-13,86.17115783691406
2018-04-16,87.18023681640625
2018-04-17,88.9391860961914
2018-04-18,89.28175354003906
2018-04-19,88.97623443603516
2018-04-20,87.9486083984375
2018-04-23,88.27263641357422
2018-04-24,86.20818328857422
2018-04-25,85.45826721191406
2018-04-26,87.26355743408203
2018-04-27,88.70775604248047
2018-04-30,86.57848358154297
2018-05-01,87.9486083984375
2018-05-02,86.5692367553711
2018-05-03,87.08763885498047
2018-05-04,88.09675598144531
2018-05-07,89.07804870605469
2018-05-08,88.69850158691406
2018-05-09,89.7446517944336
2018-05-10,90.64264678955078
2018-05-11,90.44823455810547
2018-05-14,90.75374603271484
2018-05-15,90.096435546875
2018-05-16,90.32887268066406
2018-05-17,89.42696380615234
2018-05-18,89.5943374633789
2018-05-21,90.74729919433594
2018-05-22,90.65430450439453
2018-05-23,91.73286437988281
2018-05-24,91.40744018554688
2018-05-25,91.45391845703125
2018-05-29,91.12849426269531
2018-05-30,92.00248718261719
2018-05-31,91.90019989013672
2018-06-01,93.71330261230469
2018-06-04,94.53152465820312
2018-06-05,95.01500701904297
2018-06-06,95.2939224243164
2018-06-07,93.7969970703125
2018-06-08,94.49431610107422
2018-06-11,93.95503997802734
2018-06-12,94.19678497314453
2018-06-13,93.76909637451172
2018-06-14,94.29907989501953
2018-06-15,93.09961700439453
2018-06-18,93.77838134765625
2018-06-19,93.77838134765625
2018-06-20,94.71745300292969
2018-06-21,94.0387191772461
2018-06-22,93.35999298095703
2018-06-25,91.4818115234375
2018-06-26,92.12337493896484
2018-06-27,90.69149017333984
2018-06-28,91.70494842529297
2018-06-29,91.68637084960938
2018-07-02,92.9880599975586
2018-07-03,92.09546661376953
2018-07-05,92.75563049316406
2018-07-06,94.05732727050781
2018-07-09,94.6988754272461
2018-07-10,94.94994354248047
2018-07-11,94.81974792480469
2018-07-12,96.87458038330078
2018-07-13,98.02751922607422
2018-07-16,97.54402923583984
2018-07-17,98.51100158691406
2018-07-18,97.7392807006836
2018-07-19,97.06983184814453
2018-07-20,98.80854034423828
2018-07-23,100.3891830444336
2018-07-24,100.1009521484375
2018-07-25,103.0483627319336
2018-07-26,101.92333221435547
2018-07-27,100.11954498291016
2018-07-30,97.97174835205078
2018-07-31,98.63188171386719
2018-08-01,98.81783294677734
2018-08-02,100.01727294921875
2018-08-03,100.45426177978516
2018-08-06,100.53795623779297
2018-08-07,101.23529052734375
2018-08-08,101.80245971679688
2018-08-09,101.96981048583984
2018-08-10,101.34687042236328
2018-08-13,100.6123275756836
2018-08-14,101.86752319335938
2018-08-15,100.48616790771484
2018-08-16,100.46749114990234
2018-08-17,100.41146087646484
2018-08-20,99.74879455566406
2018-08-21,98.91809844970703
2018-08-22,99.92613220214844
2018-08-23,100.39281463623047
2018-08-24,101.17684173583984
2018-08-27,102.296875
2018-08-28,102.91291809082031
2018-08-29,104.55561065673828
2018-08-30,104.49028778076172
2018-08-31,104.8449935913086
2018-09-04,104.26628875732422
2018-09-05,101.2608413696289
2018-09-06,101.49420166015625
2018-09-07,100.99951934814453
2018-09-10,102.0915298461914
2018-09-11,103.82759857177734
2018-09-12,104.26628875732422
2018-09-13,105.3863296508789
2018-09-14,105.81568145751953
2018-09-17,104.66763305664062
2018-09-18,105.66633605957031
2018-09-19,104.25695037841797
2018-09-20,106.0023422241211
2018-09-21,106.64637756347656
2018-09-24,107.02904510498047
2018-09-25,106.8237075805664
2018-09-26,106.38502502441406
2018-09-27,106.786376953125
2018-09-28,106.7490463256836
2018-10-01,107.90644073486328
2018-10-02,107.47705841064453
2018-10-03,107.4957275390625
2018-10-04,105.27433013916016
2018-10-05,104.65831756591797
2018-10-08,103.46359252929688
2018-10-09,104.7796401977539
2018-10-10,99.08613586425781
2018-10-11,98.85277557373047
2018-10-12,102.26890563964844
2018-10-15,100.43017578125
2018-10-16,103.60359954833984
2018-10-17,103.3329086303711
2018-10-18,101.27019500732422
2018-10-19,101.41952514648438
2018-10-22,102.32489776611328
2018-10-23,100.8968276977539
2018-10-24,95.50198364257812
2018-10-25,101.08352661132812
2018-10-26,99.83280181884766
2018-10-29,96.9300537109375
2018-10-30,96.81804656982422
2018-10-31,99.69278717041016
2018-11-01,98.86210632324219
2018-11-02,99.08613586425781
2018-11-05,100.34616088867188
2018-11-06,100.54216003417969
2018-11-07,104.4996109008789
2018-11-08,104.3036117553711
2018-11-09,102.26890563964844
2018-11-12,99.74879455566406
2018-11-13,99.81414031982422
2018-11-14,98.39867401123047
2018-11-15,100.56405639648438
2018-11-16,101.51082611083984
2018-11-19,98.0705795288086
2018-11-20,95.3427505493164
2018-11-21,96.65512084960938
2018-11-23,96.61760711669922
2018-11-26,99.80477142333984
2018-11-27,100.43280792236328
2018-11-28,104.16368103027344
2018-11-29,103.2918701171875
2018-11-30,103.94805908203125
2018-12-03,105.07293701171875
2018-12-04,101.72642517089844
2018-12-06,102.35448455810547
2018-12-07,98.25807189941406
2018-12-10,100.85466766357422
2018-12-11,101.79203033447266
2018-12-12,102.2513656616211
2018-12-13,102.59820556640625
2018-12-14,99.3923110961914
2018-12-17,96.44886779785156
2018-12-18,97.46127319335938
2018-12-19,97.19881439208984
2018-12-20,95.15526580810547
2018-12-21,92.08061981201172
2018-12-24,88.23726654052734
2018-12-26,94.2647476196289
2018-12-27,94.8459243774414
2018-12-28,94.10539245605469
2018-12-31,95.21149444580078
2019-01-02,94.78968811035156
2019-01-03,91.30255126953125
2019-01-04,95.5489730834961
2019-01-07,95.67086029052734
2019-01-08,96.36450958251953
2019-01-09,97.74244689941406
2019-01-10,97.11441040039062
2019-01-11,96.36450958251953
2019-01-14,95.66146850585938
2019-01-15,98.43616485595703
2019-01-16,98.78301239013672
2019-01-17,99.4766845703125
2019-01-18,100.9671401977539
2019-01-22,99.064208984375
2019-01-23,100.02974700927734
2019-01-24,99.5516586303711
2019-01-25,100.46094512939453
2019-01-28,98.50177764892578
2019-01-29,96.4957275390625
2019-01-30,99.72040557861328
2019-01-31,97.8924789428711
2019-02-01,96.34576416015625
2019-02-04,99.1204605102539
2019-02-05,100.50780487060547
2019-02-06,99.3923110961914
2019-02-07,98.67988586425781
2019-02-08,99.05484771728516
2019-02-11,98.66112518310547
2019-02-12,100.19847869873047
2019-02-13,100.12347412109375
2019-02-14,100.20784759521484
2019-02-15,101.44522094726562
2019-02-19,101.39836120605469
2019-02-20,100.87115478515625
2019-02-21,102.99871826171875
2019-02-22,104.46732330322266
2019-02-25,105.05097961425781
2019-02-26,105.77587890625
2019-02-27,105.59698486328125
2019-02-28,105.46519470214844
2019-03-01,105.9358901977539
2019-03-04,105.68171691894531
2019-03-05,105.15453338623047
2019-03-06,105.20159912109375
2019-03-07,103.92131042480469
2019-03-08,104.03426361083984
2019-03-11,106.21831512451172
2019-03-12,106.96202850341797
2019-03-13,107.79048156738281
2019-03-14,107.87519836425781
2019-03-15,109.11784362792969
2019-03-18,110.68055725097656
2019-03-19,110.75587463378906
2019-03-20,110.63348388671875
2019-03-21,113.17528533935547
2019-03-22,110.19103240966797
2019-03-25,110.76527404785156
2019-03-26,111.00066375732422
2019-03-27,109.92742156982422
2019-03-28,110.07805633544922
2019-03-29,111.02888488769531
2019-04-01,112.04559326171875
2019-04-02,112.20561981201172
2019-04-03,112.93992614746094
2019-04-04,112.36566925048828
2019-04-05,112.86460876464844
2019-04-08,112.90228271484375
2019-04-09,112.29035186767578
2019-04-10,113.14703369140625
2019-04-11,113.27883911132812
2019-04-12,113.86248779296875
2019-04-15,113.95663452148438
2019-04-16,113.69304656982422
2019-04-17,114.63443756103516
2019-04-18,116.14069366455078
2019-04-22,116.50782775878906
2019-04-23,118.08939361572266
2019-04-24,117.6845932006836
2019-04-25,121.58197784423828
2019-04-26,122.27862548828125
2019-04-29,122.16563415527344
2019-04-30,122.94701385498047
2019-05-01,120.38639068603516
2019-05-02,118.81427764892578
2019-05-03,121.34661102294922
2019-05-06,120.64059448242188
2019-05-07,118.16470336914062
2019-05-08,118.1552963256836
2019-05-09,118.14588165283203
2019-05-10,119.68033599853516
2019-05-13,116.12185668945312
2019-05-14,117.4209976196289
2019-05-15,119.07451629638672
2019-05-16,121.82415771484375
2019-05-17,121.01155853271484
2019-05-20,119.2635269165039
2019-05-21,119.90605163574219
2019-05-22,120.63358306884766
2019-05-23,119.2257308959961
2019-05-24,119.28243255615234
2019-05-28,119.20684814453125
2019-05-29,118.05406951904297
2019-05-30,118.800537109375
2019-05-31,116.86351776123047
2019-06-03,113.2351303100586
2019-06-04,116.37216186523438
2019-06-05,118.89502716064453
2019-06-06,120.77532958984375
2019-06-07,124.15801239013672
2019-06-10,125.29190063476562
2019-06-11,124.81950378417969
2019-06-12,124.2430648803711
2019-06-13,125.02735137939453
2019-06-14,125.150146484375
2019-06-17,125.52811431884766
2019-06-18,127.71076202392578
2019-06-19,128.21160888671875
2019-06-20,129.40213012695312
2019-06-21,129.42105102539062
2019-06-24,130.1863555908203
2019-06-25,126.0761489868164
2019-06-26,126.5486068725586
2019-06-27,126.75645446777344
2019-06-28,126.57694244384766
2019-07-01,128.20208740234375
2019-07-02,129.05250549316406
2019-07-03,129.88401794433594
2019-07-05,129.50607299804688
2019-07-08,129.41160583496094
2019-07-09,128.9391326904297
2019-07-10,130.25254821777344
2019-07-11,130.772216796875
2019-07-12,131.2447052001953
2019-07-15,131.2447052001953
2019-07-16,129.52499389648438
2019-07-17,128.75962829589844
2019-07-18,128.90135192871094
2019-07-19,129.09031677246094
2019-07-22,130.80055236816406
2019-07-23,131.6131591796875
2019-07-24,132.96435546875
2019-07-25,132.46356201171875
2019-07-26,133.55018615722656
2019-07-29,133.25726318359375
2019-07-30,132.61476135253906
2019-07-31,128.75962829589844
2019-08-01,130.45095825195312
2019-08-02,129.35487365722656
2019-08-05,124.92337799072266
2019-08-06,127.26668548583984
2019-08-07,127.82420349121094
2019-08-08,131.23524475097656
2019-08-09,130.1202392578125
2019-08-12,128.30606079101562
2019-08-13,130.96116638183594
2019-08-14,127.01739501953125
2019-08-15,126.73300170898438
2019-08-16,129.05569458007812
2019-08-19,131.21719360351562
2019-08-20,130.12693786621094
2019-08-21,131.5774383544922
2019-08-22,130.61990356445312
2019-08-23,126.45806121826172
2019-08-26,128.4110107421875
2019-08-27,128.6859130859375
2019-08-28,128.51531982421875
2019-08-29,130.9422607421875
2019-08-30,130.69577026367188
2019-09-03,128.97032165527344
2019-09-04,130.47769165039062
2019-09-05,132.7719268798828
2019-09-06,131.87132263183594
2019-09-09,130.3734130859375
2019-09-10,129.00823974609375
2019-09-11,129.04620361328125
2019-09-12,130.3734130859375
2019-09-13,130.18382263183594
2019-09-16,129.2452850341797
2019-09-17,130.25018310546875
2019-09-18,131.3214874267578
2019-09-19,133.73895263671875
2019-09-20,132.193603515625
2019-09-23,131.9092254638672
2019-09-24,130.24070739746094
2019-09-25,132.1177978515625
2019-09-26,132.28848266601562
2019-09-27,130.57249450683594
2019-09-30,131.8049774169922
2019-10-01,129.94679260253906
2019-10-02,127.65257263183594
2019-10-03,129.19790649414062
2019-10-04,130.9422607421875
2019-10-07,129.9942169189453
2019-10-08,128.6195526123047
2019-10-09,131.05599975585938
2019-10-10,131.87132263183594
2019-10-11,132.42115783691406
2019-10-14,132.2979736328125
2019-10-15,134.21299743652344
2019-10-16,133.11322021484375
2019-10-17,132.43067932128906
2019-10-18,130.26914978027344
2019-10-21,131.2361297607422
2019-10-22,129.28321838378906
2019-10-23,130.10800170898438
2019-10-24,132.6676483154297
2019-10-25,133.41659545898438
2019-10-28,136.6968231201172
2019-10-29,135.40750122070312
2019-10-30,137.0950164794922
2019-10-31,135.91940307617188
2019-11-01,136.25120544433594
2019-11-04,137.03811645507812
2019-11-05,136.95277404785156
2019-11-06,136.57354736328125
2019-11-07,136.76315307617188
2019-11-08,138.37481689453125
2019-11-11,138.51702880859375
2019-11-12,139.42713928222656
2019-11-13,139.65469360351562
2019-11-14,140.36566162109375
2019-11-15,142.1764373779297
2019-11-18,142.5271759033203
2019-11-19,142.57461547851562
2019-11-20,142.32725524902344
2019-11-21,142.19410705566406
2019-11-22,142.2987823486328
2019-11-25,143.85882568359375
2019-11-26,144.6197967529297
2019-11-27,144.8957061767578
2019-11-29,144.00149536132812
2019-12-02,142.26071166992188
2019-12-03,142.03236389160156
2019-12-04,142.5460968017578
2019-12-05,142.6221466064453
2019-12-06,144.3534698486328
2019-12-09,143.98245239257812
2019-12-10,143.76368713378906
2019-12-11,144.30592346191406
2019-12-12,145.77081298828125
2019-12-13,146.99795532226562
2019-12-16,147.94920349121094
2019-12-17,147.1501922607422
2019-12-18,146.84573364257812
2019-12-19,148.1204376220703
2019-12-20,149.7375946044922
2019-12-23,149.7375946044922
2019-12-24,149.70904541015625
2019-12-26,150.93617248535156
2019-12-27,151.2120361328125
2019-12-30,149.90879821777344
2019-12-31,150.01341247558594
2020-01-02,152.79116821289062
2020-01-03,150.88861083984375
2020-01-06,151.2786102294922
2020-01-07,149.89927673339844
2020-01-08,152.28695678710938
2020-01-09,154.1894989013672
2020-01-10,153.47604370117188
2020-01-13,155.32144165039062
2020-01-14,154.2274932861328
2020-01-15,155.22637939453125
2020-01-16,158.0706024169922
2020-01-17,158.95529174804688
2020-01-21,158.38453674316406
2020-01-22,157.62350463867188
2020-01-23,158.59381103515625
2020-01-24,156.99571228027344
2020-01-27,154.37020874023438
2020-01-28,157.39520263671875
2020-01-29,159.8494415283203
2020-01-30,164.35841369628906
2020-01-31,161.9326934814453
2020-02-03,165.8804473876953
2020-02-04,171.34068298339844
2020-02-05,171.13136291503906
2020-02-06,174.67958068847656
2020-02-07,174.9268798828125
2020-02-10,179.50247192382812
2020-02-11,175.4500732421875
2020-02-12,175.70697021484375
2020-02-13,174.7556915283203
2020-02-14,176.3157501220703
2020-02-18,178.1041259765625
2020-02-19,178.63832092285156
2020-02-20,175.91021728515625
2020-02-21,170.3492431640625
2020-02-24,163.0045623779297
2020-02-25,160.31471252441406
2020-02-26,162.3177490234375
2020-02-27,150.8810577392578
2020-02-28,154.53428649902344
2020-03-02,164.81687927246094
2020-03-03,156.9189453125
2020-03-04,162.6802520751953
2020-03-05,158.59774780273438
2020-03-06,154.1146240234375
2020-03-09,143.66986083984375
2020-03-10,153.49459838867188
2020-03-11,146.541015625
2020-03-12,132.64329528808594
2020-03-13,151.50103759765625
2020-03-16,129.17124938964844
2020-03-17,139.80679321289062
2020-03-18,133.92147827148438
2020-03-19,136.12489318847656
2020-03-20,131.01220703125
2020-03-23,129.7054443359375
2020-03-24,141.49513244628906
2020-03-25,140.140625
2020-03-26,148.90660095214844
2020-03-27,142.79234313964844
2020-03-30,152.83644104003906
2020-03-31,150.4327392578125
2020-04-01,145.0911407470703
2020-04-02,148.0957794189453
2020-04-03,146.73175048828125
2020-04-06,157.6438751220703
2020-04-07,155.9459991455078
2020-04-08,157.51036071777344
2020-04-09,157.51986694335938
2020-04-13,157.87281799316406
2020-04-14,165.68492126464844
2020-04-15,163.9488983154297
2020-04-16,168.87078857421875
2020-04-17,170.35879516601562
2020-04-20,166.982177734375
2020-04-21,160.0762176513672
2020-04-22,165.51321411132812
2020-04-23,163.5100860595703
2020-04-24,166.4956512451172
2020-04-27,166.01873779296875
2020-04-28,161.9744110107422
2020-04-29,169.24276733398438
2020-04-30,170.94064331054688
2020-05-01,166.5147705078125
2020-05-04,170.58773803710938
2020-05-05,172.4191436767578
2020-05-06,174.1170196533203
2020-05-07,175.12806701660156
2020-05-08,176.15826416015625
2020-05-11,178.12318420410156
2020-05-12,174.08837890625
2020-05-13,171.45574951171875
2020-05-14,172.19973754882812
2020-05-15,174.70838928222656
2020-05-18,176.37762451171875
2020-05-19,175.1566925048828
2020-05-20,177.58627319335938
2020-05-21,175.4532012939453
2020-05-22,175.52975463867188
2020-05-26,173.6741180419922
2020-05-27,173.90367126464844
2020-05-28,173.51150512695312
2020-05-29,175.28106689453125
2020-06-01,174.8793487548828
2020-06-02,176.86886596679688
2020-06-03,177.29928588867188
2020-06-04,174.96536254882812
2020-06-05,179.05929565429688
2020-06-08,180.1688232421875
2020-06-09,181.5461883544922
2020-06-10,188.28004455566406
2020-06-11,178.16970825195312
2020-06-12,179.5757598876953
2020-06-15,180.72360229492188
2020-06-16,185.15228271484375
2020-06-17,185.7931365966797
2020-06-18,187.78268432617188
2020-06-19,186.66354370117188
2020-06-22,191.84786987304688
2020-06-23,193.12962341308594
2020-06-24,189.236572265625
2020-06-25,191.6278533935547
2020-06-26,187.792236328125
2020-06-29,189.81048583984375
2020-06-30,194.66000366210938
2020-07-01,195.7982635498047
2020-07-02,197.29042053222656
2020-07-06,201.537353515625
2020-07-07,199.1938934326172
2020-07-08,203.57472229003906
2020-07-09,204.9998779296875
2020-07-10,204.37818908691406
2020-07-13,198.06521606445312
2020-07-14,199.28953552246094
2020-07-15,198.9929962158203
2020-07-16,195.05215454101562
2020-07-17,194.05743408203125
2020-07-20,202.39825439453125
2020-07-21,199.67213439941406
2020-07-22,202.54168701171875
2020-07-23,193.73219299316406
2020-07-24,192.54611206054688
2020-07-27,194.9852294921875
2020-07-28,193.2347869873047
2020-07-29,195.18609619140625
2020-07-30,195.03305053710938
2020-07-31,196.09474182128906
2020-08-03,207.1233673095703
2020-08-04,204.0146942138672
2020-08-05,203.67994689941406
2020-08-06,206.94161987304688
2020-08-07,203.2399139404297
2020-08-10,199.1938934326172
2020-08-11,194.53564453125
2020-08-12,200.0929718017578
2020-08-13,199.6243133544922
2020-08-14,199.81556701660156
2020-08-17,201.13558959960938
2020-08-18,202.29295349121094
2020-08-19,201.06565856933594
2020-08-20,205.74476623535156
2020-08-21,204.2489776611328
2020-08-24,204.89141845703125
2020-08-25,207.5569305419922
2020-08-26,212.04421997070312
2020-08-27,217.2506561279297
2020-08-28,219.48472595214844
2020-08-31,216.24391174316406
2020-09-01,217.91229248046875
2020-09-02,222.1118927001953
2020-09-03,208.35276794433594
2020-09-04,205.4283447265625
2020-09-08,194.31556701660156
2020-09-09,202.59022521972656
2020-09-10,196.91397094726562
2020-09-11,195.62913513183594
2020-09-14,196.9523468017578
2020-09-15,200.1835174560547
2020-09-16,196.60719299316406
2020-09-17,194.55528259277344
2020-09-18,192.1390380859375
2020-09-21,194.2005157470703
2020-09-22,198.87953186035156
2020-09-23,192.33078002929688
2020-09-24,194.82374572753906
2020-09-25,199.26312255859375
2020-09-28,200.81639099121094
2020-09-29,198.72616577148438
2020-09-30,201.6697540283203
2020-10-01,203.71205139160156
2020-10-02,197.7001953125
2020-10-05,201.71768188476562
2020-10-06,197.43173217773438
2020-10-07,201.19032287597656
2020-10-08,201.90945434570312
2020-10-09,206.9241180419922
2020-10-12,212.28395080566406
2020-10-13,213.68385314941406
2020-10-14,211.76617431640625
2020-10-15,210.61563110351562
2020-10-16,210.61563110351562
2020-10-19,205.39962768554688
2020-10-20,205.81185913085938
2020-10-21,205.95571899414062
2020-10-22,206.04196166992188
2020-10-23,207.32679748535156
2020-10-26,201.43003845214844
2020-10-27,204.46951293945312
2020-10-28,194.33474731445312
2020-10-29,196.2907257080078
2020-10-30,194.13339233398438
2020-11-02,193.9991455078125
2020-11-03,197.9303436279297
2020-11-04,207.48023986816406
2020-11-05,214.09613037109375
2020-11-06,214.50843811035156
2020-11-09,209.3978729248047
2020-11-10,202.3217315673828
2020-11-11,207.6336212158203
2020-11-12,206.56935119628906
2020-11-13,207.59527587890625
2020-11-16,208.28565979003906
2020-11-17,205.62969970703125
2020-11-18,202.9187469482422
2020-11-19,204.20692443847656
2020-11-20,202.25543212890625
2020-11-23,201.98623657226562
2020-11-24,205.59124755859375
2020-11-25,205.6008758544922
2020-11-27,206.90830993652344
2020-11-30,205.79315185546875
2020-12-01,207.8503875732422
2020-12-02,207.04286193847656
2020-12-03,205.95651245117188
2020-12-04,206.0719451904297
2020-12-07,206.00460815429688
2020-12-08,207.65811157226562
2020-12-09,203.6108856201172
2020-12-10,202.38038635253906
2020-12-11,205.01441955566406
2020-12-14,205.91810607910156
2020-12-15,205.85079956054688
2020-12-16,210.8016815185547
2020-12-17,210.93626403808594
2020-12-18,210.1383819580078
2020-12-21,213.98370361328125
2020-12-22,215.28152465820312
2020-12-23,212.47439575195312
2020-12-24,214.1374969482422
2020-12-28,216.26206970214844
2020-12-29,215.4833984375
2020-12-30,213.10887145996094
2020-12-31,213.82028198242188
2021-01-04,209.2731475830078
2021-01-05,209.4750518798828
2021-01-06,204.04348754882812
2021-01-07,209.8499755859375
2021-01-08,211.12852478027344
2021-01-11,209.0808868408203
2021-01-12,206.6199188232422
2021-01-13,207.97537231445312
2021-01-14,204.7837371826172
2021-01-15,204.4280242919922
2021-01-19,208.07150268554688
2021-01-20,215.66603088378906
2021-01-21,216.27166748046875
2021-01-22,217.21380615234375
2021-01-25,220.65538024902344
2021-01-26,223.3470916748047
2021-01-27,223.89508056640625
2021-01-28,229.6919403076172
2021-01-29,222.99142456054688
2021-02-01,230.3840789794922
2021-02-02,230.24951171875
2021-02-03,233.6045684814453
2021-02-04,232.65286254882812
2021-02-05,232.8354949951172
2021-02-08,233.09506225585938
2021-02-09,234.34481811523438
2021-02-10,233.4315185546875
2021-02-11,235.03697204589844
2021-02-12,235.5176239013672
2021-02-16,234.2775115966797
2021-02-17,235.29884338378906
2021-02-18,234.90374755859375
2021-02-19,232.18658447265625
2021-02-22,225.96202087402344
2021-02-23,224.76722717285156
2021-02-24,226.0005645751953
2021-02-25,220.64329528808594
2021-02-26,223.90972900390625
2021-03-01,228.3035125732422
2021-03-02,225.34539794921875
2021-03-03,219.26539611816406
2021-03-04,218.4656524658203
2021-03-05,223.15809631347656
2021-03-08,219.10159301757812
2021-03-09,225.25869750976562
2021-03-10,223.94822692871094
2021-03-11,228.48658752441406
2021-03-12,227.15687561035156
2021-03-15,226.25112915039062
2021-03-16,229.04539489746094
2021-03-17,228.39981079101562
2021-03-18,222.31021118164062
2021-03-19,221.9536895751953
2021-03-22,227.3881072998047
2021-03-23,228.92015075683594
2021-03-24,226.87745666503906
2021-03-25,223.8711700439453
2021-03-26,227.8602294921875
2021-03-29,226.6654510498047
2021-03-30,223.39903259277344
2021-03-31,227.17611694335938
2021-04-01,233.5162811279297
2021-04-05,239.9913330078125
2021-04-06,238.82546997070312
2021-04-07,240.7910919189453
2021-04-08,244.01898193359375
2021-04-09,246.5242156982422
2021-04-12,246.58200073242188
2021-04-13,249.06797790527344
2021-04-14,246.27371215820312
2021-04-15,250.0411834716797
2021-04-16,251.23593139648438
2021-04-19,249.30886840820312
2021-04-20,248.8463592529297
2021-04-21,251.08177185058594
2021-04-22,247.79612731933594
2021-04-23,251.63099670410156
2021-04-26,252.01644897460938
2021-04-27,252.421142578125
2021-04-28,245.28121948242188
2021-04-29,243.30592346191406
2021-04-30,242.98794555664062
2021-05-03,242.67965698242188
2021-05-04,238.75799560546875
2021-05-05,237.48611450195312
2021-05-06,240.62728881835938
2021-05-07,243.25779724121094
2021-05-10,238.1702117919922
2021-05-11,237.25485229492188
2021-05-12,230.2884063720703
2021-05-13,234.17147827148438
2021-05-14,239.10484313964844
2021-05-17,236.24310302734375
2021-05-18,234.21971130371094
2021-05-19,234.79916381835938
2021-05-20,238.0441436767578
2021-05-21,236.77896118164062
2021-05-24,242.1969757080078
2021-05-25,243.10479736328125
2021-05-26,242.88265991210938
2021-05-27,240.77728271484375
2021-05-28,241.13462829589844
2021-06-01,238.9326629638672
2021-06-02,238.83609008789062
2021-06-03,237.300537109375
2021-06-04,242.20663452148438
2021-06-07,245.12332153320312
2021-06-08,243.92575073242188
2021-06-09,244.91079711914062
2021-06-10,248.43588256835938
2021-06-11,249.06369018554688
2021-06-14,250.9952392578125
2021-06-15,249.5175323486328
2021-06-16,248.57113647460938
2021-06-17,251.97061157226562
2021-06-18,250.55093383789062
2021-06-21,253.64141845703125
2021-06-22,256.4228515625
2021-06-23,256.1910705566406
2021-06-24,257.5624694824219
2021-06-25,255.94964599609375
2021-06-28,259.52301025390625
2021-06-29,262.1112365722656
2021-06-30,261.6283264160156
2021-07-01,262.30438232421875
2021-07-02,268.1473388671875
2021-07-06,268.156982421875
2021-07-07,270.3493347167969
2021-07-08,267.92523193359375
2021-07-09,268.4273986816406
2021-07-12,267.8287048339844
2021-07-13,271.3633728027344
2021-07-14,272.8410339355469
2021-07-15,271.4115905761719
2021-07-16,271.1412658691406
2021-07-19,267.5292663574219
2021-07-20,269.76019287109375
2021-07-21,271.76904296875
2021-07-22,276.3467712402344
2021-07-23,279.75592041015625
2021-07-26,279.1571960449219
2021-07-27,276.733154296875
2021-07-28,276.42401123046875
2021-07-29,276.6943664550781
2021-07-30,275.15887451171875
2021-08-02,275.0719299316406
2021-08-03,277.29327392578125
2021-08-04,276.7041931152344
2021-08-05,279.611083984375
2021-08-06,279.5531005859375
2021-08-09,278.4618225097656
2021-08-10,276.6365051269531
2021-08-11,277.12908935546875
2021-08-12,279.8911437988281
2021-08-13,282.8271484375
2021-08-16,284.5172424316406
2021-08-17,283.0492248535156
2021-08-18,281.31719970703125
2021-08-19,287.16162109375
2021-08-20,294.5058898925781
2021-08-23,294.7865295410156
2021-08-24,292.8222351074219
2021-08-25,292.23199462890625
2021-08-26,289.4065246582031
2021-08-27,290.0161437988281
2021-08-30,293.7608947753906
2021-08-31,292.1062316894531
2021-09-01,292.05780029296875
2021-09-02,291.3998718261719
2021-09-03,291.39013671875
2021-09-07,290.4613342285156
2021-09-08,290.4903259277344
2021-09-09,287.6261291503906
2021-09-10,286.13592529296875
2021-09-13,287.3745422363281
2021-09-14,290.0838623046875
2021-09-15,294.95098876953125
2021-09-16,295.3380432128906
2021-09-17,290.1612548828125
2021-09-20,284.7716064453125
2021-09-21,285.25543212890625
2021-09-22,288.9129943847656
2021-09-23,289.8612976074219
2021-09-24,289.6580810546875
2021-09-27,284.6458435058594
2021-09-28,274.34063720703125
2021-09-29,274.8050537109375
2021-09-30,272.79241943359375
2021-10-01,279.74005126953125
2021-10-04,273.94390869140625
2021-10-05,279.4109802246094
2021-10-06,283.6200866699219
2021-10-07,285.30377197265625
2021-10-08,285.30377197265625
2021-10-11,284.7039794921875
2021-10-12,283.3975524902344
2021-10-13,286.7165832519531
2021-10-14,292.9480285644531
2021-10-15,294.36077880859375
2021-10-18,297.3410339355469
2021-10-19,298.2506103515625
2021-10-20,297.4571838378906
2021-10-21,300.6987609863281
2021-10-22,299.1504821777344
2021-10-25,298.15380859375
2021-10-26,300.0697021484375
2021-10-27,312.70697021484375
2021-10-28,313.84869384765625
2021-10-29,320.8833312988281
2021-11-01,318.7062072753906
2021-11-02,322.3444519042969
2021-11-03,323.1863098144531
2021-11-04,325.5472717285156
2021-11-05,325.1795959472656
2021-11-08,326.0794982910156
2021-11-09,325.07318115234375
2021-11-10,320.0898742675781
2021-11-11,321.66705322265625
2021-11-12,325.8182373046875
2021-11-15,325.1893005371094
2021-11-16,328.51788330078125
2021-11-17,328.74090576171875
2021-11-18,330.8251037597656
2021-11-19,332.6087646484375
2021-11-22,329.4291076660156
2021-11-23,327.3448791503906
2021-11-24,327.56793212890625
2021-11-26,319.5897521972656
2021-11-29,326.3270568847656
2021-11-30,320.471923828125
2021-12-01,319.9775390625
2021-12-02,319.4055480957031
2021-12-03,313.1239318847656
2021-12-06,316.20660400390625
2021-12-07,324.6694030761719
2021-12-08,324.7178649902344
2021-12-09,322.9051208496094
2021-12-10,332.0562438964844
2021-12-13,329.0122985839844
2021-12-14,318.2908020019531
2021-12-15,324.40765380859375
2021-12-16,314.9560546875
2021-12-17,313.8897705078125
2021-12-20,310.1187744140625
2021-12-21,317.2729187011719
2021-12-22,323.00201416015625
2021-12-23,324.4464416503906
2021-12-27,331.9689636230469
2021-12-28,330.8056640625
2021-12-29,331.4842529296875
2021-12-30,328.9347839355469
2021-12-31,326.0266418457031
2022-01-03,324.5046081542969
2022-01-04,318.9403076171875
2022-01-05,306.69683837890625
2022-01-06,304.27337646484375
2022-01-07,304.428466796875
2022-01-10,304.6513671875
2022-01-11,305.3396911621094
2022-01-12,308.5289306640625
2022-01-13,295.4712219238281
2022-01-14,300.7059326171875
2022-01-18,293.3869934082031
2022-01-19,294.0462341308594
2022-01-20,292.369140625
2022-01-21,286.9696960449219
2022-01-24,287.2991943359375
2022-01-25,279.66046142578125
2022-01-26,287.62884521484375
2022-01-27,290.66302490234375
2022-01-28,298.82537841796875
2022-01-31,301.46209716796875
2022-02-01,299.31005859375
2022-02-02,303.8661804199219
2022-02-03,292.02996826171875
2022-02-04,296.576416015625
2022-02-07,291.7391052246094
2022-02-08,295.2384948730469
2022-02-09,301.6850280761719
2022-02-10,293.12530517578125
2022-02-11,286.00994873046875
2022-02-14,285.9712219238281
2022-02-15,291.2737731933594
2022-02-16,290.93377685546875
2022-02-17,282.4146423339844
2022-02-18,279.6947021484375
2022-02-22,279.4906921386719
2022-02-23,272.2538146972656
2022-02-24,286.1642150878906
2022-02-25,288.806396484375
2022-02-28,290.24407958984375
2022-03-01,286.51397705078125
2022-03-02,291.6040344238281
2022-03-03,287.4561767578125
2022-03-04,281.56951904296875
2022-03-07,270.9327087402344
2022-03-08,267.9602355957031
2022-03-09,280.2484130859375
2022-03-10,277.4216613769531
2022-03-11,272.0595397949219
2022-03-14,268.53338623046875
2022-03-15,278.9370422363281
2022-03-16,285.9700012207031
2022-03-17,286.7762145996094
2022-03-18,291.8371887207031
2022-03-21,290.603515625
2022-03-22,295.3634033203125
2022-03-23,290.9240417480469
2022-03-24,295.40228271484375
2022-03-25,294.9942626953125
2022-03-28,301.8135070800781
2022-03-29,306.3887939453125
2022-03-30,304.88311767578125
2022-03-31,299.4918212890625
2022-04-01,300.5700988769531
2022-04-04,305.96136474609375
2022-04-05,301.9883117675781
2022-04-06,290.93377685546875
2022-04-07,292.7502746582031
2022-04-08,288.4761657714844
2022-04-11,277.1011047363281
2022-04-12,273.9925842285156
2022-04-13,279.39361572265625
2022-04-14,271.826416015625
2022-04-18,272.49664306640625
2022-04-19,277.1399230957031
2022-04-20,278.1695556640625
2022-04-21,272.7783508300781
2022-04-22,266.1922302246094
2022-04-25,272.6908874511719
2022-04-26,262.49127197265625
2022-04-27,275.1194152832031
2022-04-28,281.3460998535156
2022-04-29,269.5824279785156
2022-05-02,276.3337097167969
2022-05-03,273.7205810546875
2022-05-04,281.6861267089844
2022-05-05,269.41729736328125
2022-05-06,266.87225341796875
2022-05-09,257.0125427246094
2022-05-10,261.79180908203125
2022-05-11,253.0978240966797
2022-05-12,248.0465545654297
2022-05-13,253.65150451660156
2022-05-16,254.02066040039062
2022-05-17,259.1884765625
2022-05-18,247.38772583007812
2022-05-19,246.4724884033203
2022-05-20,245.90774536132812
2022-05-23,253.78460693359375
2022-05-24,252.7818145751953
2022-05-25,255.60540771484375
2022-05-26,258.8963623046875
2022-05-27,266.0430603027344
2022-05-31,264.70916748046875
2022-06-01,265.24468994140625
2022-06-02,267.3477783203125
2022-06-03,262.9078674316406
2022-06-06,261.67132568359375
2022-06-07,265.3225402832031
2022-06-08,263.2876281738281
2022-06-09,257.815673828125
2022-06-10,246.32644653320312
2022-06-13,235.87904357910156
2022-06-14,238.0503387451172
2022-06-15,245.12879943847656
2022-06-16,238.51771545410156
2022-06-17,241.12705993652344
2022-06-21,247.05670166015625
2022-06-22,246.46275329589844
2022-06-23,252.0417938232422
2022-06-24,260.6490173339844
2022-06-27,257.9129943847656
2022-06-28,249.72451782226562
2022-06-29,253.40493774414062
2022-06-30,250.0653076171875
2022-07-01,252.74285888671875
2022-07-05,255.92674255371094
2022-07-06,259.1982727050781
2022-07-07,261.33056640625
2022-07-08,260.6099853515625
2022-07-11,257.5430603027344
2022-07-12,246.98851013183594
2022-07-13,246.06356811523438
2022-07-14,247.38772583007812
2022-07-15,249.95822143554688
2022-07-18,247.5532684326172
2022-07-19,252.69418334960938
2022-07-20,255.36195373535156
2022-07-21,257.8642883300781
2022-07-22,253.5023651123047
2022-07-25,252.01258850097656
2022-07-26,245.26510620117188
2022-07-27,261.6615905761719
2022-07-28,269.1295471191406
2022-07-29,273.3454895019531
2022-08-01,270.6874694824219
2022-08-02,267.5814514160156
2022-08-03,275.0299987792969
2022-08-04,276.1788635253906
2022-08-05,275.4583435058594
2022-08-08,272.9366149902344
2022-08-09,274.86444091796875
2022-08-10,281.54376220703125
2022-08-11,279.4600830078125
2022-08-12,284.22137451171875
2022-08-15,285.740234375
2022-08-16,285.00018310546875
2022-08-17,284.2489318847656
2022-08-18,283.1268005371094
2022-08-19,279.20440673828125
2022-08-22,271.0083312988281
2022-08-23,269.7301330566406
2022-08-24,269.09588623046875
2022-08-25,272.08160400390625
2022-08-26,261.582763671875
2022-08-29,258.7922058105469
2022-08-30,256.58709716796875
2022-08-31,255.12351989746094
2022-09-01,254.0793914794922
2022-09-02,249.84478759765625
2022-09-06,247.1029815673828
2022-09-07,251.82546997070312
2022-09-08,252.24508666992188
2022-09-09,258.0408935546875
2022-09-12,260.177734375
2022-09-13,245.87356567382812
2022-09-14,246.0979766845703
2022-09-15,239.4240264892578
2022-09-16,238.799560546875
2022-09-19,238.5848846435547
2022-09-20,236.5651092529297
2022-09-21,233.15008544921875
2022-09-22,235.1308135986328
2022-09-23,232.1450653076172
2022-09-26,231.68649291992188
2022-09-27,230.6717529296875
2022-09-28,235.21864318847656
2022-09-29,231.7352752685547
2022-09-30,227.2469482421875
2022-10-03,234.89663696289062
2022-10-04,242.83909606933594
2022-10-05,243.15130615234375
2022-10-06,240.7998046875
2022-10-07,228.5543975830078
2022-10-10,223.6855010986328
2022-10-11,219.93873596191406
2022-10-12,220.27047729492188
2022-10-13,228.5543975830078
2022-10-14,223.0122528076172
2022-10-17,231.76455688476562
2022-10-18,232.71096801757812
2022-10-19,230.74002075195312
2022-10-20,230.41806030273438
2022-10-21,236.24313354492188
2022-10-24,241.24862670898438
2022-10-25,244.57586669921875
2022-10-26,225.70529174804688
2022-10-27,221.24618530273438
2022-10-28,230.14483642578125
2022-10-31,226.49563598632812
2022-11-01,222.63177490234375
2022-11-02,214.7576141357422
2022-11-03,209.04962158203125
2022-11-04,216.01632690429688
2022-11-07,222.33901977539062
2022-11-08,223.31472778320312
2022-11-09,219.06057739257812
2022-11-10,237.08224487304688
2022-11-11,241.1120147705078
2022-11-14,235.6869659423828
2022-11-15,236.09677124023438
2022-11-16,236.5272979736328
2022-11-17,236.47837829589844
2022-11-18,236.02828979492188
2022-11-21,236.8404083251953
2022-11-22,239.7562713623047
2022-11-23,242.25140380859375
2022-11-25,242.163330078125
2022-11-28,236.5566864013672
2022-11-29,235.15745544433594
2022-11-30,249.648681640625
2022-12-01,249.20835876464844
2022-12-02,249.53126525878906
2022-12-05,244.81500244140625
2022-12-06,239.8443145751953
2022-12-07,239.11048889160156
2022-12-08,242.0752410888672
2022-12-09,240.13787841796875
2022-12-12,247.07525634765625
2022-12-13,251.390380859375
2022-12-14,251.68392944335938
2022-12-15,243.650634765625
2022-12-16,239.42359924316406
2022-12-19,235.2748565673828
2022-12-20,236.59579467773438
2022-12-21,239.16917419433594
2022-12-22,233.06349182128906
2022-12-23,233.59185791015625
2022-12-27,231.8599853515625
2022-12-28,229.4822540283203
2022-12-29,235.8227996826172
2022-12-30,234.65843200683594
2023-01-03,234.42359924316406
2023-01-04,224.1691436767578
2023-01-05,217.52525329589844
2023-01-06,220.0888671875
2023-01-09,222.2317657470703
2023-01-10,223.92453002929688
2023-01-11,230.69557189941406
2023-01-12,233.37661743164062
2023-01-13,234.0811004638672
2023-01-17,235.17703247070312
2023-01-18,230.73472595214844
2023-01-19,226.938232421875
2023-01-20,235.04978942871094
2023-01-23,237.35902404785156
2023-01-24,236.83062744140625
2023-01-25,235.43142700195312
2023-01-26,242.66236877441406
2023-01-27,242.81890869140625
2023-01-30,237.48622131347656
2023-01-31,242.47647094726562
2023-02-01,247.31011962890625
2023-02-02,258.9050598144531
2023-02-03,252.7895965576172
2023-02-06,251.2435760498047
2023-02-07,261.80133056640625
2023-02-08,260.98919677734375
2023-02-09,257.9461975097656
2023-02-10,257.43731689453125
2023-02-13,265.4804382324219
2023-02-14,266.3121643066406
2023-02-15,264.1835021972656
2023-02-16,257.1502685546875
2023-02-17,253.1383056640625
2023-02-21,247.85110473632812
2023-02-22,246.71319580078125
2023-02-23,249.9110565185547
2023-02-24,244.46688842773438
2023-02-27,245.3889617919922
2023-02-28,244.6630859375
2023-03-01,241.57315063476562
2023-03-02,246.3208465576172
2023-03-03,250.42112731933594
2023-03-06,251.97096252441406
2023-03-07,249.3028564453125
2023-03-08,248.86143493652344
2023-03-09,247.50778198242188
2023-03-10,243.84890747070312
2023-03-13,249.07723999023438
2023-03-14,255.8162841796875
2023-03-15,260.3775329589844
2023-03-16,270.932373046875
2023-03-17,274.10076904296875
2023-03-20,267.03802490234375
2023-03-21,268.5584716796875
2023-03-22,267.0969543457031
2023-03-23,272.364501953125
2023-03-24,275.218994140625
2023-03-27,271.10888671875
2023-03-28,269.9808654785156
2023-03-29,275.16015625
2023-03-30,278.63262939453125
2023-03-31,282.80157470703125
2023-04-03,281.751953125
2023-04-04,281.7029113769531
2023-04-05,278.9170837402344
2023-04-06,286.03863525390625
2023-04-10,283.8707580566406
2023-04-11,277.435791015625
2023-04-12,278.0832214355469
2023-04-13,284.3121643066406
2023-04-14,280.6827697753906
2023-04-17,283.2919921875
2023-04-18,282.8702087402344
2023-04-19,282.94866943359375
2023-04-20,280.6533203125
2023-04-21,280.3100280761719
2023-04-24,276.39605712890625
2023-04-25,270.167236328125
2023-04-26,289.73675537109375
2023-04-27,299.0162658691406
2023-04-28,301.3999938964844
2023-05-01,299.7323303222656
2023-05-02,299.5852355957031
2023-05-03,298.5944519042969
2023-05-04,299.5852355957031
2023-05-05,304.72528076171875
2023-05-08,302.76336669921875
2023-05-09,301.1448669433594
2023-05-10,306.35357666015625
2023-05-11,304.195556640625
2023-05-12,303.07733154296875
2023-05-15,303.5579528808594
2023-05-16,305.79449462890625
2023-05-17,308.6847229003906
2023-05-18,313.12823486328125
2023-05-19,312.95123291015625
2023-05-22,315.74322509765625
2023-05-23,309.9234313964844
2023-05-24,308.5373229980469
2023-05-25,320.4029541015625
2023-05-26,327.2549743652344
2023-05-30,325.60345458984375
2023-05-31,322.8311767578125
2023-06-01,326.9501647949219
2023-06-02,329.7225036621094
2023-06-05,330.2533264160156
2023-06-06,328.0316162109375
2023-06-07,317.90594482421875
2023-06-08,319.7541198730469
2023-06-09,321.2582092285156
2023-06-12,326.2325744628906
2023-06-13,328.63128662109375
2023-06-14,331.6296691894531
2023-06-15,342.2074890136719
2023-06-16,336.5351257324219
2023-06-20,332.3276062011719
2023-06-21,327.91363525390625
2023-06-22,333.95953369140625
2023-06-23,329.3489685058594
2023-06-26,323.03759765625
2023-06-27,328.9065856933594
2023-06-28,330.1649169921875
2023-06-29,329.37841796875
2023-06-30,334.7755126953125
2023-07-03,332.26861572265625
2023-07-05,332.4259338378906
2023-07-06,335.4931335449219
2023-07-07,331.51165771484375
2023-07-10,326.212890625
2023-07-11,326.84210205078125
2023-07-12,331.4920349121094
2023-07-13,336.8595886230469
2023-07-14,339.3958740234375
2023-07-17,339.87762451171875
2023-07-18,353.40472412109375
2023-07-19,349.0693664550781
2023-07-20,340.9983215332031
2023-07-21,337.9508056640625
2023-07-24,339.26812744140625
2023-07-25,345.0387878417969
2023-07-26,332.0523681640625
2023-07-27,325.12176513671875
2023-07-28,332.6422424316406
2023-07-31,330.2336730957031
2023-08-01,330.64654541015625
2023-08-02,321.9561767578125
2023-08-03,321.1304626464844
2023-08-04,322.2314453125
2023-08-07,324.52203369140625
2023-08-08,320.5307312011719
2023-08-09,316.77545166015625
2023-08-10,317.4635925292969
2023-08-11,315.57611083984375
2023-08-14,318.5548095703125
2023-08-15,316.41168212890625
2023-08-16,315.6432800292969
2023-08-17,312.175537109375
2023-08-18,311.7815246582031
2023-08-21,317.10125732421875
2023-08-22,317.6726379394531
2023-08-23,322.14532470703125
2023-08-24,315.2196960449219
2023-08-25,318.1849670410156
2023-08-28,318.894287109375
2023-08-29,323.5343933105469
2023-08-30,323.90869140625
2023-08-31,322.8940124511719
2023-09-01,323.7806396484375
2023-09-05,328.5979919433594
2023-09-06,327.9380187988281
2023-09-07,325.0120544433594
2023-09-08,329.30731201171875
2023-09-11,332.9228820800781
2023-09-12,326.8444519042969
2023-09-13,331.07080078125
2023-09-14,333.6716003417969
2023-09-15,325.3175048828125
2023-09-18,324.17474365234375
2023-09-19,323.7707824707031
2023-09-20,316.00775146484375
2023-09-21,314.7861328125
2023-09-22,312.3035888671875
2023-09-25,312.8258056640625
2023-09-26,307.50592041015625
2023-09-27,308.1462707519531
2023-09-28,308.983642578125
2023-09-29,311.0622863769531
2023-10-02,317.0224914550781
2023-10-03,308.7373962402344
2023-10-04,314.22467041015625
2023-10-05,314.61865234375
2023-10-06,322.40142822265625
2023-10-09,324.92340087890625
2023-10-10,323.5146789550781
2023-10-11,327.48486328125
2023-10-12,326.2435302734375
2023-10-13,322.86444091796875
2023-10-16,327.70159912109375
2023-10-17,327.1301574707031
2023-10-18,325.2091064453125
2023-10-19,326.4011535644531
2023-10-20,321.8201904296875
2023-10-23,324.43084716796875
2023-10-24,325.62286376953125
2023-10-25,335.61236572265625
2023-10-26,323.0221252441406
2023-10-27,324.9136047363281
2023-10-30,332.3022155761719
2023-10-31,333.09033203125
2023-11-01,340.9321594238281
2023-11-02,343.1488037109375
2023-11-03,347.5622253417969
2023-11-06,351.23687744140625
2023-11-07,355.1775207519531
2023-11-08,357.8078918457031
2023-11-09,355.3351135253906
2023-11-10,364.18182373046875
2023-11-13,361.2362060546875
2023-11-14,364.7728576660156
2023-11-15,364.92095947265625
2023-11-16,371.3374938964844
2023-11-17,365.0986633300781
2023-11-20,372.59112548828125
2023-11-21,368.2773132324219
2023-11-22,372.9958801269531
2023-11-24,372.581298828125
2023-11-27,373.74609375
2023-11-28,377.78363037109375
2023-11-29,373.9830322265625
2023-11-30,374.042236328125
2023-12-01,369.6987609863281
2023-12-04,364.3978271484375
2023-12-05,367.73431396484375
2023-12-06,364.0621337890625
2023-12-07,366.18450927734375
2023-12-08,369.42242431640625
2023-12-11,366.5300598144531
2023-12-12,369.5704650878906
2023-12-13,369.560546875
2023-12-14,361.22900390625
2023-12-15,365.9673767089844
2023-12-18,367.8626708984375
2023-12-19,368.46484375
2023-12-20,365.8587646484375
2023-12-21,368.74127197265625
2023-12-22,369.7679138183594
2023-12-26,369.8468933105469
2023-12-27,369.26446533203125
2023-12-28,370.4588623046875
2023-12-29,371.2091369628906
2024-01-02,366.10552978515625
2024-01-03,365.8389892578125
2024-01-04,363.2131652832031
2024-01-05,363.025634765625
2024-01-08,369.8764953613281
2024-01-09,370.96240234375
2024-01-10,377.8526611328125
2024-01-11,379.6888122558594
2024-01-12,383.4794616699219
2024-01-16,385.25628662109375
2024-01-17,384.46661376953125
2024-01-18,388.8100891113281
2024-01-19,393.54840087890625
2024-01-22,391.4161071777344
2024-01-23,393.775390625
2024-01-24,397.388427734375
2024-01-25,399.66876220703125
2024-01-26,398.7408142089844
2024-01-29,404.4564514160156
2024-01-30,403.3409729003906
2024-01-31,392.472412109375
2024-02-01,398.5927734375
2024-02-02,405.93719482421875
2024-02-05,400.4387512207031
2024-02-06,400.2807922363281
2024-02-07,408.7308349609375
2024-02-08,408.7900390625
2024-02-09,415.1473083496094
2024-02-12,409.9252624511719
2024-02-13,401.1001281738281
2024-02-14,404.9768981933594
2024-02-15,402.0792236328125
2024-02-16,399.6067810058594
2024-02-20,398.35076904296875
2024-02-21,397.74749755859375
2024-02-22,407.1131591796875
2024-02-23,405.8175354003906
2024-02-26,403.0484313964844
2024-02-27,402.9891052246094
2024-02-28,403.2264709472656
2024-02-29,409.08123779296875
2024-03-01,410.9206848144531
2024-03-04,410.34710693359375
2024-03-05,398.2123107910156
2024-03-06,397.6584777832031
2024-03-07,404.6308288574219
2024-03-08,401.74298095703125
2024-03-11,400.0616760253906
2024-03-12,410.703125
2024-03-13,410.52508544921875
2024-03-14,420.5335693359375
2024-03-15,411.8305358886719
2024-03-18,412.7206115722656
2024-03-19,416.76556396484375
2024-03-20,420.54345703125
2024-03-21,424.6378479003906
2024-03-22,424.0148010253906
2024-03-25,418.1995544433594
2024-03-26,417.0028991699219
2024-03-27,416.78533935546875
2024-03-28,416.0831604003906
2024-04-01,419.8907775878906
2024-04-02,416.79522705078125
2024-04-03,415.8161315917969
2024-04-04,413.27447509765625
2024-04-05,420.83026123046875
2024-04-08,419.9104919433594
2024-04-09,421.5818786621094
2024-04-10,418.5951843261719
2024-04-11,423.21368408203125
2024-04-12,417.2501525878906
2024-04-15,409.08123779296875
2024-04-16,410.0108337402344
2024-04-17,407.3010559082031
2024-04-18,399.814453125
2024-04-19,394.72119140625
2024-04-22,396.54095458984375
2024-04-23,403.078125
2024-04-24,404.5516662597656
2024-04-25,394.6421203613281
2024-04-26,401.8418273925781
2024-04-29,397.81671142578125
2024-04-30,385.0390930175781
2024-05-01,390.5872497558594
2024-05-02,393.455322265625
2024-05-03,402.1781005859375
2024-05-06,408.9822998046875
2024-05-07,404.8285827636719
2024-05-08,406.015380859375
2024-05-09,407.7757263183594
2024-05-10,410.1690979003906
2024-05-13,409.1603088378906
2024-05-14,411.9690246582031
2024-05-15,419.171875
2024-05-16,417.1011657714844
2024-05-17,416.328369140625
2024-05-20,421.4110107421875
2024-05-21,425.07684326171875
2024-05-22,426.54315185546875
2024-05-23,423.0556640625
2024-05-24,426.1864318847656
2024-05-28,426.34503173828125
2024-05-29,425.2055969238281
2024-05-30,410.8395690917969
2024-05-31,411.2953186035156
2024-06-03,409.7001647949219
2024-06-04,412.22662353515625
2024-06-05,420.09326171875
2024-06-06,420.59857177734375
2024-06-07,419.9347839355469
2024-06-10,423.9176025390625
2024-06-11,428.6831970214844
2024-06-12,436.9857482910156
2024-06-13,437.5009765625
2024-06-14,438.4818420410156
2024-06-17,444.228271484375
2024-06-18,442.2170104980469
2024-06-20,441.5829162597656
2024-06-21,445.6252136230469
2024-06-24,443.5347595214844
2024-06-25,446.784423828125
2024-06-26,447.9832458496094
2024-06-27,448.6669006347656
2024-06-28,442.8213806152344
2024-07-01,452.5110168457031
2024-07-02,455.0374450683594
2024-07-03,456.5137023925781
2024-07-05,463.2409973144531
2024-07-08,461.93316650390625
2024-07-09,455.2950439453125
2024-07-10,461.9430847167969
2024-07-11,450.49981689453125
2024-07-12,449.3603820800781
2024-07-15,449.7666015625
2024-07-16,445.36761474609375
2024-07-17,439.42303466796875
2024-07-18,436.3021240234375
2024-07-19,433.072265625
2024-07-22,438.8484191894531
2024-07-23,440.7407531738281
2024-07-24,424.9381103515625
2024-07-25,414.53509521484375
2024-07-26,421.34161376953125
2024-07-29,422.78814697265625
2024-07-30,419.01336669921875
2024-07-31,414.4855651855469
2024-08-01,413.2569885253906
2024-08-02,404.7166748046875
2024-08-05,391.4998474121094
2024-08-06,395.9186706542969
2024-08-07,394.74957275390625
2024-08-08,398.9702453613281
2024-08-09,402.2694396972656
2024-08-12,403.0521240234375
2024-08-13,410.1856384277344
2024-08-14,413.00933837890625
2024-08-15,417.89263916015625
2024-08-16,415.35174560546875
2024-08-19,418.3888854980469
2024-08-20,421.63458251953125
2024-08-21,420.9794921875
2024-08-22,412.4534606933594
2024-08-23,413.6842346191406
2024-08-26,410.4088439941406
2024-08-27,410.7562561035156
2024-08-28,407.5403747558594
2024-08-29,410.0416259765625
2024-08-30,414.03167724609375
2024-09-03,406.3890380859375
2024-09-04,405.8530578613281
2024-09-05,405.34686279296875
2024-09-06,398.7066955566406
2024-09-09,402.6967468261719
2024-09-10,411.1135559082031
2024-09-11,419.8876953125
2024-09-12,423.81817626953125
2024-09-13,427.3813781738281
2024-09-16,428.1258544921875
2024-09-17,431.9074401855469
2024-09-18,427.5997619628906
2024-09-19,435.42108154296875
2024-09-20,432.0264892578125
2024-09-23,430.2796630859375
2024-09-24,425.9720153808594
2024-09-25,428.8900451660156
2024-09-26,428.09600830078125
2024-09-27,424.8305358886719
2024-09-30,427.09356689453125
2024-10-01,417.5552062988281
2024-10-02,414.021728515625
2024-10-03,413.4361267089844
2024-10-04,412.959716796875
2024-10-07,406.48828125
2024-10-08,411.6197204589844
2024-10-09,414.3492431640625
2024-10-10,412.7413024902344
2024-10-11,413.2177734375
2024-10-14,416.0167541503906
2024-10-15,415.61968994140625
2024-10-16,413.01922607421875
2024-10-17,413.6147766113281
2024-10-18,415.0440673828125
2024-10-21,415.659423828125
2024-10-22,424.32440185546875
2024-10-23,421.4360656738281
2024-10-24,421.5650939941406
2024-10-25,424.9595947265625
2024-10-28,423.4112243652344
2024-10-29,428.7312927246094
2024-10-30,429.30694580078125
2024-10-31,403.3220520019531
2024-11-01,407.3121032714844
2024-11-04,405.41632080078125
2024-11-05,408.3939514160156
2024-11-06,417.0489807128906
2024-11-07,422.2598571777344
2024-11-08,419.3913879394531
2024-11-11,414.8951721191406
2024-11-12,419.87774658203125
2024-11-13,422.0316162109375
2024-11-14,423.7090148925781
2024-11-15,411.9075927734375
2024-11-18,412.6619567871094
2024-11-19,414.67681884765625
2024-11-20,412.3939208984375
2024-11-21,410.61370849609375
2024-11-22,414.7211608886719
2024-11-25,416.5013732910156
2024-11-26,425.6510925292969
2024-11-27,420.67840576171875
2024-11-29,421.1458435058594
2024-12-02,428.624755859375
2024-12-03,428.8435363769531
2024-12-04,435.0295715332031
2024-12-05,440.2011413574219
2024-12-06,441.1459655761719
2024-12-09,443.5825500488281
2024-12-10,440.9072570800781
2024-12-11,446.5363464355469
2024-12-12,447.1032409667969
2024-12-13,444.8257141113281
2024-12-16,449.12213134765625
2024-12-17,451.9764099121094
2024-12-18,434.9997253417969
2024-12-19,434.6416931152344
2024-12-20,434.2140808105469
2024-12-23,432.8714294433594
2024-12-24,436.9291076660156
2024-12-26,435.7157897949219
2024-12-27,428.17718505859375
2024-12-30,422.50836181640625
2024-12-31,419.1965637207031
2025-01-02,416.2925109863281
2025-01-03,421.0364685058594
2025-01-06,425.5118713378906
2025-01-07,420.0617980957031
2025-01-08,422.23980712890625
2025-01-10,416.6605224609375
2025-01-13,414.9101257324219
2025-01-14,413.3984375
2025-01-15,423.9802551269531
2025-01-16,422.25970458984375
2025-01-17,426.6853942871094
2025-01-21,426.1583251953125
2025-01-22,443.7615966796875
2025-01-23,444.2687683105469
2025-01-24,441.6332702636719
2025-01-27,432.1852111816406
2025-01-28,444.7561340332031
2025-01-29,439.9127197265625
2025-01-30,412.7221374511719
2025-01-31,412.791748046875
2025-02-03,408.6744079589844
2025-02-04,410.116455078125
2025-02-05,411.0314636230469
2025-02-06,413.5475769042969
2025-02-07,407.5107727050781
2025-02-10,409.96728515625
2025-02-11,409.1915588378906
2025-02-12,406.8046569824219
2025-02-13,408.29644775390625
2025-02-14,406.1979675292969
2025-02-18,407.4013977050781
2025-02-19,412.5033264160156
2025-02-20,414.6857604980469
2025-02-21,406.793212890625
2025-02-24,402.59783935546875
2025-02-25,396.5190124511719
2025-02-26,398.3426818847656
2025-02-27,391.1676330566406
2025-02-28,395.6121520996094
2025-03-03,387.14166259765625
2025-03-04,387.26123046875
2025-03-05,399.628173828125
2025-03-06,395.5125427246094
2025-03-07,391.9449462890625
2025-03-10,378.840576171875
2025-03-11,379.1296081542969
2025-03-12,381.9397888183594
2025-03-13,377.45538330078125
2025-03-14,387.21142578125
2025-03-17,387.3509521484375
2025-03-18,382.1889343261719
2025-03-19,386.4739990234375
2025-03-20,385.4974060058594
2025-03-21,389.9020690917969
2025-03-24,391.7157287597656
2025-03-25,393.7885437011719
2025-03-26,388.6165466308594
2025-03-27,389.2243957519531
2025-03-28,377.48529052734375
2025-03-31,374.087158203125
2025-04-01,380.863525390625
2025-04-02,380.813720703125
2025-04-03,371.8150329589844
2025-04-04,358.5910949707031
2025-04-07,356.61798095703125
2025-04-08,353.3294372558594
2025-04-09,389.1347351074219
2025-04-10,380.0264587402344
2025-04-11,387.101806640625
2025-04-14,386.4640197753906
2025-04-15,384.3912658691406
2025-04-16,370.32025146484375
2025-04-17,366.5035400390625
2025-04-21,357.87359619140625
2025-04-22,365.5469055175781
2025-04-23,373.09063720703125
2025-04-24,385.9557800292969
2025-04-25,390.4900207519531
2025-04-28,389.80242919921875
2025-04-29,392.67242431640625
2025-04-30,393.88818359375
2025-05-01,423.9235534667969
2025-05-02,433.769287109375
2025-05-05,434.65618896484375
2025-05-06,431.8061218261719
2025-05-07,431.8459777832031
2025-05-08,436.6492614746094
2025-05-09,437.2073059082031
2025-05-12,447.7007751464844
2025-05-13,447.5812072753906
2025-05-14,451.36798095703125
2025-05-15,452.3863220214844
2025-05-16,453.5244445800781
2025-05-19,458.11688232421875
2025-05-20,457.4180603027344
2025-05-21,451.8272399902344
2025-05-22,454.11346435546875
2025-05-23,449.441162109375
2025-05-27,459.93389892578125
2025-05-28,456.609375
2025-05-29,457.9272155761719
2025-05-30,459.60443115234375
2025-06-02,461.2118225097656
2025-06-03,462.2101745605469
2025-06-04,463.1086730957031
2025-06-05,466.91241455078125
2025-06-06,469.6080017089844
2025-06-09,471.97412109375
2025-06-10,470.1471252441406
2025-06-11,471.8443298339844
2025-06-12,478.0840759277344
2025-06-13,474.18048095703125
2025-06-16,478.3536376953125
2025-06-17,477.25543212890625
2025-06-18,479.4518127441406
2025-06-20,476.6164855957031
2025-06-23,485.2023620605469
2025-06-24,489.30560302734375
2025-06-25,491.4620666503906
2025-06-26,496.6335754394531
2025-06-27,495.1260681152344
2025-06-30,496.5936584472656
2025-07-01,491.242431640625
2025-07-02,490.2840270996094
2025-07-03,498.02130126953125
2025-07-07,496.90313720703125
2025-07-08,495.804931640625
2025-07-09,502.68365478515625
2025-07-10,500.656982421875
2025-07-11,502.49395751953125
2025-07-14,502.1944274902344
2025-07-15,504.9898376464844
2025-07-16,504.7901611328125
2025-07-17,510.8601989746094
2025-07-18,509.212890625
2025-07-21,509.2228698730469
2025-07-22,504.44073486328125
2025-07-23,505.0397644042969
2025-07-24,510.0415344238281
2025-07-25,512.866943359375
2025-07-28,511.65887451171875
2025-07-29,511.728759765625
2025-07-30,512.3976440429688
2025-07-31,532.6243896484375
2025-08-01,523.2498168945312
2025-08-04,534.7609252929688
2025-08-05,526.8838500976562
2025-08-06,524.0784912109375
2025-08-07,519.9852294921875
2025-08-08,521.1832275390625
2025-08-11,520.9136962890625
2025-08-12,528.3713989257812
2025-08-13,519.7256469726562
2025-08-14,521.6224975585938
2025-08-15,519.3162841796875
2025-08-18,516.2512817382812
2025-08-19,508.933349609375
2025-08-20,504.8900146484375
2025-08-21,504.239990234375
2025-08-22,507.2300109863281
2025-08-25,504.260009765625
2025-08-26,502.0400085449219
2025-08-27,506.739990234375
2025-08-28,509.6400146484375
2025-08-29,506.69000244140625
2025-09-02,505.1199951171875
2025-09-03,505.3500061035156
