Price,NVDA
Ticker,NVDA
Date,
2018-01-02,4.929085731506348
2018-01-03,5.2534894943237305
2018-01-04,5.2811808586120605
2018-01-05,5.325933933258057
2018-01-08,5.489124298095703
2018-01-09,5.487640380859375
2018-01-10,5.53066349029541
2018-01-11,5.540555477142334
2018-01-12,5.5133562088012695
2018-01-16,5.442392826080322
2018-01-17,5.556379318237305
2018-01-18,5.549454689025879
2018-01-19,5.689651966094971
2018-01-22,5.77816915512085
2018-01-23,5.907237529754639
2018-01-24,5.830339431762695
2018-01-25,5.843938827514648
2018-01-26,6.0165252685546875
2018-01-29,6.103560924530029
2018-01-30,6.001441478729248
2018-01-31,6.077599048614502
2018-02-01,5.946552753448486
2018-02-02,5.773965358734131
2018-02-05,5.283900260925293
2018-02-06,5.577643394470215
2018-02-07,5.657259941101074
2018-02-08,5.378353118896484
2018-02-09,5.738358974456787
2018-02-12,5.63822078704834
2018-02-13,5.751959800720215
2018-02-14,5.969300270080566
2018-02-15,6.094905853271484
2018-02-16,6.029135704040527
2018-02-20,6.158698081970215
2018-02-21,5.971524238586426
2018-02-22,5.99107027053833
2018-02-23,6.084591865539551
2018-02-26,6.100674152374268
2018-02-27,6.0878095626831055
2018-02-28,5.987359046936035
2018-03-01,5.745144367218018
2018-03-02,5.852273941040039
2018-03-05,5.8302531242370605
2018-03-06,5.991317272186279
2018-03-07,5.983401298522949
2018-03-08,5.96707010269165
2018-03-09,6.069746971130371
2018-03-12,6.179349422454834
2018-03-13,6.128631591796875
2018-03-14,6.154115200042725
2018-03-15,6.168959140777588
2018-03-16,6.197164535522461
2018-03-19,5.96261739730835
2018-03-20,6.174896240234375
2018-03-21,6.149660110473633
2018-03-22,5.983648777008057
2018-03-23,5.763946533203125
2018-03-26,6.048717975616455
2018-03-27,5.579625606536865
2018-03-28,5.4764533042907715
2018-03-29,5.729803562164307
2018-04-02,5.469030857086182
2018-04-03,5.575418949127197
2018-04-04,5.597439765930176
2018-04-05,5.477197170257568
2018-04-06,5.300790309906006
2018-04-09,5.32949161529541
2018-04-10,5.638756275177002
2018-04-11,5.597439765930176
2018-04-12,5.804275989532471
2018-04-13,5.72757625579834
2018-04-16,5.727328777313232
2018-04-17,5.877013206481934
2018-04-18,5.8480658531188965
2018-04-19,5.666713714599609
2018-04-20,5.658548355102539
2018-04-23,5.539050102233887
2018-04-24,5.472744464874268
2018-04-25,5.36041784286499
2018-04-26,5.572201251983643
2018-04-27,5.599663734436035
2018-04-30,5.564285755157471
2018-05-01,5.6197052001953125
2018-05-02,5.599169731140137
2018-05-03,5.76444149017334
2018-05-04,5.914619445800781
2018-05-07,6.152629852294922
2018-05-08,6.195183753967285
2018-05-09,6.328292369842529
2018-05-10,6.435915946960449
2018-05-11,6.297365665435791
2018-05-14,6.317899703979492
2018-05-15,6.075437068939209
2018-05-16,6.086571216583252
2018-05-17,6.128631591796875
2018-05-18,6.084837913513184
2018-05-21,6.042779445648193
2018-05-22,6.0046772956848145
2018-05-23,6.12821102142334
2018-05-24,6.1319260597229
2018-05-25,6.171288013458252
2018-05-29,6.154208660125732
2018-05-30,6.263134479522705
2018-05-31,6.243330001831055
2018-06-01,6.377756118774414
2018-06-04,6.556747913360596
2018-06-05,6.562191963195801
2018-06-06,6.564174175262451
2018-06-07,6.508471488952637
2018-06-08,6.493122100830078
2018-06-11,6.452024936676025
2018-06-12,6.500549793243408
2018-06-13,6.496094226837158
2018-06-14,6.607745170593262
2018-06-15,6.566896438598633
2018-06-18,6.562687873840332
2018-06-19,6.440886497497559
2018-06-20,6.493864059448242
2018-06-21,6.365131855010986
2018-06-22,6.2126312255859375
2018-06-25,5.919763088226318
2018-06-26,5.990813255310059
2018-06-27,5.835591793060303
2018-06-28,5.962839603424072
2018-06-29,5.864802360534668
2018-07-02,5.997002601623535
2018-07-03,5.863317966461182
2018-07-05,6.009134769439697
2018-07-06,6.123013973236084
2018-07-09,6.170546054840088
2018-07-10,6.269572734832764
2018-07-11,6.127964019775391
2018-07-12,6.219564914703369
2018-07-13,6.172277927398682
2018-07-16,6.144550323486328
2018-07-17,6.2804646492004395
2018-07-18,6.231199741363525
2018-07-19,6.239368915557861
2018-07-20,6.211147308349609
2018-07-23,6.174508094787598
2018-07-24,6.157176494598389
2018-07-25,6.235408782958984
2018-07-26,6.308934688568115
2018-07-27,6.2391204833984375
2018-07-30,6.043791770935059
2018-07-31,6.061865329742432
2018-08-01,6.101724624633789
2018-08-02,6.204462051391602
2018-08-03,6.241100788116455
2018-08-06,6.288882255554199
2018-08-07,6.361171245574951
2018-08-08,6.397563457489014
2018-08-09,6.349039554595947
2018-08-10,6.3076958656311035
2018-08-13,6.340621471405029
2018-08-14,6.472079753875732
2018-08-15,6.413901329040527
2018-08-16,6.373302936553955
2018-08-17,6.060874938964844
2018-08-20,6.135639190673828
2018-08-21,6.271304130554199
2018-08-22,6.506491184234619
2018-08-23,6.606012344360352
2018-08-24,6.73920202255249
2018-08-27,6.830306053161621
2018-08-28,6.792675971984863
2018-08-29,6.898195743560791
2018-08-30,6.881351947784424
2018-08-31,6.952441215515137
2018-09-04,7.027248382568359
2018-09-05,6.896461009979248
2018-09-06,6.755272388458252
2018-09-07,6.73397159576416
2018-09-10,6.805060386657715
2018-09-11,6.7572526931762695
2018-09-12,6.643312931060791
2018-09-13,6.721090316772461
2018-09-14,6.847169399261475
2018-09-17,6.785243988037109
2018-09-18,6.713166236877441
2018-09-19,6.736942768096924
2018-09-20,6.5957536697387695
2018-09-21,6.525652885437012
2018-09-24,6.581387519836426
2018-09-25,6.6485137939453125
2018-09-26,6.611607074737549
2018-09-27,6.623497009277344
2018-09-28,6.9608635902404785
2018-10-01,7.167446136474609
2018-10-02,7.096109390258789
2018-10-03,7.102299690246582
2018-10-04,6.918011665344238
2018-10-05,6.684431076049805
2018-10-08,6.5831217765808105
2018-10-09,6.577425003051758
2018-10-10,6.085739612579346
2018-10-11,5.824169158935547
2018-10-12,6.106794834136963
2018-10-15,5.830361843109131
2018-10-16,6.089208602905273
2018-10-17,6.020595550537109
2018-10-18,5.933157444000244
2018-10-19,5.676539897918701
2018-10-22,5.727318286895752
2018-10-23,5.475656032562256
2018-10-24,4.939385414123535
2018-10-25,5.148196220397949
2018-10-26,4.911642074584961
2018-10-29,4.597806453704834
2018-10-30,5.028308391571045
2018-10-31,5.222259044647217
2018-11-01,5.402584075927734
2018-11-02,5.323566436767578
2018-11-05,5.245543003082275
2018-11-06,5.227955341339111
2018-11-07,5.295577526092529
2018-11-08,5.102371692657471
2018-11-09,5.0944437980651855
2018-11-12,4.694904804229736
2018-11-13,4.9369072914123535
2018-11-14,4.884395599365234
2018-11-15,5.013199329376221
2018-11-16,4.0729289054870605
2018-11-19,3.5842185020446777
2018-11-20,3.6927108764648438
2018-11-21,3.5844664573669434
2018-11-23,3.5916483402252197
2018-11-26,3.7910475730895996
2018-11-27,3.8078911304473877
2018-11-28,3.964932918548584
2018-11-29,3.9017064571380615
2018-11-30,4.052209377288818
2018-12-03,4.216104507446289
2018-12-04,3.895507335662842
2018-12-06,3.9247658252716064
2018-12-07,3.6599574089050293
2018-12-10,3.7653348445892334
2018-12-11,3.6743383407592773
2018-12-12,3.6919431686401367
2018-12-13,3.6916940212249756
2018-12-14,3.6311957836151123
2018-12-17,3.5600345134735107
2018-12-18,3.6433448791503906
2018-12-19,3.434324264526367
2018-12-20,3.3497745990753174
2018-12-21,3.2126591205596924
2018-12-24,3.150920867919922
2018-12-26,3.300185203552246
2018-12-27,3.252331256866455
2018-12-28,3.3138229846954346
2018-12-31,3.310102701187134
2019-01-02,3.3775453567504883
2019-01-03,3.173483371734619
2019-01-04,3.3768012523651123
2019-01-07,3.5555713176727295
2019-01-08,3.4670543670654297
2019-01-09,3.5352401733398438
2019-01-10,3.600945234298706
2019-01-11,3.690206527709961
2019-01-14,3.73012638092041
2019-01-15,3.715993642807007
2019-01-16,3.6904542446136475
2019-01-17,3.7618637084960938
2019-01-18,3.8910441398620605
2019-01-22,3.6887195110321045
2019-01-23,3.7016119956970215
2019-01-24,3.9136080741882324
2019-01-25,3.970884084701538
2019-01-28,3.421926736831665
2019-01-29,3.2629923820495605
2019-01-30,3.406554698944092
2019-01-31,3.564249038696289
2019-02-01,3.588548183441162
2019-02-04,3.6988847255706787
2019-02-05,3.717977285385132
2019-02-06,3.7936015129089355
2019-02-07,3.655245780944824
2019-02-08,3.673842191696167
2019-02-11,3.6311957836151123
2019-02-12,3.7482266426086426
2019-02-13,3.790625810623169
2019-02-14,3.8315370082855225
2019-02-15,3.901209831237793
2019-02-19,3.8838536739349365
2019-02-20,3.9312124252319336
2019-02-21,3.8622825145721436
2019-02-22,3.947080373764038
2019-02-25,3.9346835613250732
2019-02-26,3.8952598571777344
2019-02-27,3.8533570766448975
2019-02-28,3.828784227371216
2019-03-01,3.883140802383423
2019-03-04,3.891331672668457
2019-03-05,3.884878635406494
2019-03-06,3.7739310264587402
2019-03-07,3.7046828269958496
2019-03-08,3.7389352321624756
2019-03-11,3.9995481967926025
2019-03-12,4.033798694610596
2019-03-13,4.185203552246094
2019-03-14,4.109253406524658
2019-03-15,4.214741230010986
2019-03-18,4.193395137786865
2019-03-19,4.361181735992432
2019-03-20,4.328665733337402
2019-03-21,4.565450668334961
2019-03-22,4.405608654022217
2019-03-25,4.313277244567871
2019-03-26,4.389970779418945
2019-03-27,4.380788326263428
2019-03-28,4.399404048919678
2019-03-29,4.4567389488220215
2019-04-01,4.5242509841918945
2019-04-02,4.542120933532715
2019-04-03,4.681609153747559
2019-04-04,4.672677516937256
2019-04-05,4.739442348480225
2019-04-08,4.760292053222656
2019-04-09,4.69749641418457
2019-04-10,4.7679853439331055
2019-04-11,4.754086971282959
2019-04-12,4.7161102294921875
2019-04-15,4.584314823150635
2019-04-16,4.671433448791504
2019-04-17,4.6486005783081055
2019-04-18,4.624027729034424
2019-04-22,4.677888870239258
2019-04-23,4.7324934005737305
2019-04-24,4.744903564453125
2019-04-25,4.639168739318848
2019-04-26,4.420252799987793
2019-04-29,4.451030731201172
2019-04-30,4.492480278015137
2019-05-01,4.4793243408203125
2019-05-02,4.5468363761901855
2019-05-03,4.542369365692139
2019-05-06,4.463936805725098
2019-05-07,4.296648025512695
2019-05-08,4.316751003265381
2019-05-09,4.224170684814453
2019-05-10,4.190168380737305
2019-05-13,3.932781934738159
2019-05-14,4.021885395050049
2019-05-15,3.9608283042907715
2019-05-16,3.9759695529937744
2019-05-17,3.8851263523101807
2019-05-20,3.7664856910705566
2019-05-21,3.8486409187316895
2019-05-22,3.7776541709899902
2019-05-23,3.65653133392334
2019-05-24,3.6026716232299805
2019-05-28,3.55749773979187
2019-05-29,3.483285427093506
2019-05-30,3.456698179244995
2019-05-31,3.365999698638916
2019-06-03,3.324254035949707
2019-06-04,3.553359031677246
2019-06-05,3.5106189250946045
2019-06-06,3.5727405548095703
2019-06-07,3.6154801845550537
2019-06-10,3.6882870197296143
2019-06-11,3.7459359169006348
2019-06-12,3.6328749656677246
2019-06-13,3.684063196182251
2019-06-14,3.5941102504730225
2019-06-17,3.603801965713501
2019-06-18,3.798863410949707
2019-06-19,3.8048272132873535
2019-06-20,3.82917857170105
2019-06-21,3.77103328704834
2019-06-24,3.7933967113494873
2019-06-25,3.764075517654419
2019-06-26,3.957397222518921
2019-06-27,4.056046962738037
2019-06-28,4.080894947052002
2019-07-01,4.12910270690918
2019-07-02,4.031198024749756
2019-07-03,4.0441203117370605
2019-07-05,3.981501579284668
2019-07-08,3.9064576625823975
2019-07-09,3.9089436531066895
2019-07-10,3.9772770404815674
2019-07-11,4.131835460662842
2019-07-12,4.164884567260742
2019-07-15,4.156435489654541
2019-07-16,4.151714324951172
2019-07-17,4.217067241668701
2019-07-18,4.228745937347412
2019-07-19,4.185509204864502
2019-07-22,4.257072448730469
2019-07-23,4.3649163246154785
2019-07-24,4.439462184906006
2019-07-25,4.308259963989258
2019-07-26,4.350256443023682
2019-07-29,4.344042778015137
2019-07-30,4.359696388244629
2019-07-31,4.1924662590026855
2019-08-01,4.098042011260986
2019-08-02,4.005354881286621
2019-08-05,3.7469303607940674
2019-08-06,3.785693645477295
2019-08-07,3.823960542678833
2019-08-08,3.932549238204956
2019-08-09,3.831166982650757
2019-08-12,3.7633299827575684
2019-08-13,3.877633810043335
2019-08-14,3.729038715362549
2019-08-15,3.6967356204986572
2019-08-16,3.9648525714874268
2019-08-19,4.243652820587158
2019-08-20,4.17134428024292
2019-08-21,4.254835605621338
2019-08-22,4.261048793792725
2019-08-23,4.036417484283447
2019-08-26,4.11121129989624
2019-08-27,4.020514488220215
2019-08-28,4.010067462921143
2019-08-29,4.153834819793701
2019-08-30,4.1665191650390625
2019-09-03,4.0834431648254395
2019-09-04,4.197610378265381
2019-09-05,4.4707207679748535
2019-09-06,4.443607807159424
2019-09-09,4.489623546600342
2019-09-10,4.556285381317139
2019-09-11,4.584888458251953
2019-09-12,4.583396911621094
2019-09-13,4.525440216064453
2019-09-16,4.482409477233887
2019-09-17,4.503801345825195
2019-09-18,4.476688385009766
2019-09-19,4.401073932647705
2019-09-20,4.295362949371338
2019-09-23,4.348840713500977
2019-09-24,4.291383743286133
2019-09-25,4.433160781860352
2019-09-26,4.411022663116455
2019-09-27,4.272231578826904
2019-09-30,4.32968807220459
2019-10-01,4.327946186065674
2019-10-02,4.3040690422058105
2019-10-03,4.50977087020874
2019-10-04,4.526186466217041
2019-10-07,4.584888458251953
2019-10-08,4.408287525177002
2019-10-09,4.494845867156982
2019-10-10,4.552551746368408
2019-10-11,4.626179218292236
2019-10-14,4.6396098136901855
2019-10-15,4.88436222076416
2019-10-16,4.830635070800781
2019-10-17,4.832626819610596
2019-10-18,4.738106727600098
2019-10-21,4.875408172607422
2019-10-22,4.865458011627197
2019-10-23,4.852525234222412
2019-10-24,4.896550178527832
2019-10-25,5.087575435638428
2019-10-28,5.1435418128967285
2019-10-29,5.0472822189331055
2019-10-30,5.049272060394287
2019-10-31,5.000021934509277
2019-11-01,5.039073944091797
2019-11-04,5.2358198165893555
2019-11-05,5.213683128356934
2019-11-06,5.164436340332031
2019-11-07,5.182094573974609
2019-11-08,5.16816520690918
2019-11-11,5.178115367889404
2019-11-12,5.213683128356934
2019-11-13,5.187817096710205
2019-11-14,5.218160629272461
2019-11-15,5.078871250152588
2019-11-18,5.280096054077148
2019-11-19,5.173389911651611
2019-11-20,5.252735137939453
2019-11-21,5.227861404418945
2019-11-22,5.245522499084473
2019-11-25,5.502213001251221
2019-11-26,5.397497653961182
2019-11-27,5.432345867156982
2019-11-29,5.395008087158203
2019-12-02,5.208569526672363
2019-12-03,5.168992042541504
2019-12-04,5.2128005027771
2019-12-05,5.19587516784668
2019-12-06,5.281253337860107
2019-12-09,5.281253337860107
2019-12-10,5.326308250427246
2019-12-11,5.409942626953125
2019-12-12,5.577463626861572
2019-12-13,5.575471878051758
2019-12-16,5.604346752166748
2019-12-17,5.682506084442139
2019-12-18,5.712874412536621
2019-12-19,5.860978603363037
2019-12-20,5.958303928375244
2019-12-23,5.944616794586182
2019-12-24,5.939637184143066
2019-12-26,5.953825950622559
2019-12-27,5.896076202392578
2019-12-30,5.782820224761963
2019-12-31,5.856997966766357
2020-01-02,5.971747398376465
2020-01-03,5.876162528991699
2020-01-06,5.900805473327637
2020-01-07,5.9722442626953125
2020-01-08,5.98344612121582
2020-01-09,6.049160003662109
2020-01-10,6.081519603729248
2020-01-13,6.272188186645508
2020-01-14,6.1551971435546875
2020-01-15,6.11263370513916
2020-01-16,6.196268558502197
2020-01-17,6.204981327056885
2020-01-21,6.171626091003418
2020-01-22,6.225641250610352
2020-01-23,6.294092178344727
2020-01-24,6.234851837158203
2020-01-27,5.978966236114502
2020-01-28,6.172372817993164
2020-01-29,6.111887454986572
2020-01-30,6.118607997894287
2020-01-31,5.885124683380127
2020-02-03,5.982200622558594
2020-02-04,6.151464462280273
2020-02-05,6.241820812225342
2020-02-06,6.328692436218262
2020-02-07,6.262481689453125
2020-02-10,6.545747756958008
2020-02-11,6.668214797973633
2020-02-12,6.783961296081543
2020-02-13,6.740150451660156
2020-02-14,7.2133402824401855
2020-02-18,7.382104873657227
2020-02-19,7.833390712738037
2020-02-20,7.6840410232543945
2020-02-21,7.319876194000244
2020-02-24,6.802379131317139
2020-02-25,6.5228471755981445
2020-02-26,6.662240982055664
2020-02-27,6.291381359100342
2020-02-28,6.726499080657959
2020-03-02,6.884903430938721
2020-03-03,6.622390270233154
2020-03-04,7.086148262023926
2020-03-05,6.806696891784668
2020-03-06,6.626126289367676
2020-03-09,6.113050937652588
2020-03-10,6.502589225769043
2020-03-11,6.138704299926758
2020-03-12,5.38752555847168
2020-03-13,5.998481750488281
2020-03-16,4.891637325286865
2020-03-17,5.411435604095459
2020-03-18,5.051537036895752
2020-03-19,5.304337024688721
2020-03-20,5.124512672424316
2020-03-23,5.297363758087158
2020-03-24,6.20620059967041
2020-03-25,6.117532730102539
2020-03-26,6.406947135925293
2020-03-27,6.294620990753174
2020-03-30,6.614917755126953
2020-03-31,6.565353870391846
2020-04-01,6.054023742675781
2020-04-02,6.3628644943237305
2020-04-03,6.074944972991943
2020-04-06,6.684905529022217
2020-04-07,6.451530933380127
2020-04-08,6.648789405822754
2020-04-09,6.549164772033691
2020-04-13,6.721019268035889
2020-04-14,7.072200775146484
2020-04-15,6.9947428703308105
2020-04-16,7.339944839477539
2020-04-17,7.28066873550415
2020-04-20,7.149412155151367
2020-04-21,6.712551593780518
2020-04-22,7.12699556350708
2020-04-23,7.073695659637451
2020-04-24,7.212674140930176
2020-04-27,7.399223327636719
2020-04-28,7.256758213043213
2020-04-29,7.433593273162842
2020-04-30,7.279672622680664
2020-05-01,7.043060779571533
2020-05-04,7.2550153732299805
2020-05-05,7.316035270690918
2020-05-06,7.416907787322998
2020-05-07,7.5932440757751465
2020-05-08,7.783282279968262
2020-05-11,8.0353364944458
2020-05-12,7.773319244384766
2020-05-13,7.750903606414795
2020-05-14,8.000465393066406
2020-05-15,8.45899486541748
2020-05-18,8.717523574829102
2020-05-19,8.772567749023438
2020-05-20,8.936452865600586
2020-05-21,8.742430686950684
2020-05-22,8.99249267578125
2020-05-26,8.68514633178711
2020-05-27,8.493365287780762
2020-05-28,8.4552583694458
2020-05-29,8.842305183410645
2020-06-01,8.7733154296875
2020-06-02,8.792245864868164
2020-06-03,8.73670482635498
2020-06-04,8.737699508666992
2020-06-05,8.890695571899414
2020-06-08,8.776074409484863
2020-06-09,9.016281127929688
2020-06-10,9.335975646972656
2020-06-11,8.767351150512695
2020-06-12,8.903153419494629
2020-06-15,9.1436128616333
2020-06-16,9.03870677947998
2020-06-17,9.205658912658691
2020-06-18,9.187718391418457
2020-06-19,9.230822563171387
2020-06-22,9.495450973510742
2020-06-23,9.418953895568848
2020-06-24,9.205159187316895
2020-06-25,9.458823204040527
2020-06-26,9.124919891357422
2020-06-29,9.169772148132324
2020-06-30,9.466548919677734
2020-07-01,9.498688697814941
2020-07-02,9.580671310424805
2020-07-06,9.806923866271973
2020-07-07,9.839319229125977
2020-07-08,10.1824369430542
2020-07-09,10.47447395324707
2020-07-10,10.444819450378418
2020-07-13,10.019224166870117
2020-07-14,10.342907905578613
2020-07-15,10.19365119934082
2020-07-16,10.10145378112793
2020-07-17,10.167984962463379
2020-07-20,10.47622013092041
2020-07-21,10.294568061828613
2020-07-22,10.404454231262207
2020-07-23,10.09647274017334
2020-07-24,10.161008834838867
2020-07-27,10.3872652053833
2020-07-28,10.181937217712402
2020-07-29,10.43111801147461
2020-07-30,10.579132080078125
2020-07-31,10.579878807067871
2020-08-03,10.974077224731445
2020-08-04,11.190863609313965
2020-08-05,11.249669075012207
2020-08-06,11.298258781433105
2020-08-07,11.162705421447754
2020-08-10,11.128318786621094
2020-08-11,10.814353942871094
2020-08-12,11.402665138244629
2020-08-13,11.405407905578613
2020-08-14,11.526009559631348
2020-08-17,12.296466827392578
2020-08-18,12.220471382141113
2020-08-19,12.098621368408203
2020-08-20,12.101112365722656
2020-08-21,12.641829490661621
2020-08-24,12.678461074829102
2020-08-25,12.708113670349121
2020-08-26,12.731039047241211
2020-08-27,12.586761474609375
2020-08-28,13.104554176330566
2020-08-31,13.330562591552734
2020-09-01,13.77971363067627
2020-09-02,14.3036470413208
2020-09-03,12.976622581481934
2020-09-04,12.584797859191895
2020-09-08,11.877413749694824
2020-09-09,12.677019119262695
2020-09-10,12.274974822998047
2020-09-11,12.128164291381836
2020-09-14,12.833800315856934
2020-09-15,12.952194213867188
2020-09-16,12.477117538452148
2020-09-17,12.42626953125
2020-09-18,12.152840614318848
2020-09-21,12.4798583984375
2020-09-22,12.599997520446777
2020-09-23,12.08753490447998
2020-09-24,12.311115264892578
2020-09-25,12.835293769836426
2020-09-28,12.996064186096191
2020-09-29,13.186243057250977
2020-09-30,13.490084648132324
2020-10-01,13.573831558227539
2020-10-02,13.02323055267334
2020-10-05,13.60174560546875
2020-10-06,13.695466041564941
2020-10-07,13.922290802001953
2020-10-08,13.79741096496582
2020-10-09,13.721638679504395
2020-10-12,14.183505058288574
2020-10-13,14.2056884765625
2020-10-14,14.053144454956055
2020-10-15,13.928269386291504
2020-10-16,13.770243644714355
2020-10-19,13.457429885864258
2020-10-20,13.60473918914795
2020-10-21,13.484350204467773
2020-10-22,13.321088790893555
2020-10-23,13.54965591430664
2020-10-26,13.101995468139648
2020-10-27,13.356731414794922
2020-10-28,12.589282035827637
2020-10-29,12.985095977783203
2020-10-30,12.496559143066406
2020-11-02,12.543171882629395
2020-11-03,12.980607986450195
2020-11-04,13.753044128417969
2020-11-05,14.117703437805176
2020-11-06,14.518502235412598
2020-11-09,13.590034484863281
2020-11-10,12.731856346130371
2020-11-11,13.377920150756836
2020-11-12,13.41655158996582
2020-11-13,13.257281303405762
2020-11-16,13.474878311157227
2020-11-17,13.382155418395996
2020-11-18,13.388638496398926
2020-11-19,13.400104522705078
2020-11-20,13.04865550994873
2020-11-23,13.100750923156738
2020-11-24,12.919045448303223
2020-11-25,13.195216178894043
2020-11-27,13.221636772155762
2020-11-30,13.361466407775879
2020-12-01,13.35000228881836
2020-12-02,13.504043579101562
2020-12-03,13.359930992126465
2020-12-04,13.521745681762695
2020-12-07,13.570112228393555
2020-12-08,13.314054489135742
2020-12-09,12.895933151245117
2020-12-10,12.937320709228516
2020-12-11,12.978212356567383
2020-12-14,13.27291488647461
2020-12-15,13.324525833129883
2020-12-16,13.2068452835083
2020-12-17,13.305328369140625
2020-12-18,13.236265182495117
2020-12-21,13.296353340148926
2020-12-22,13.242498397827148
2020-12-23,12.974221229553223
2020-12-24,12.958763122558594
2020-12-28,12.865265846252441
2020-12-29,12.908398628234863
2020-12-30,13.110355377197266
2020-12-31,13.01984977722168
2021-01-04,13.078190803527832
2021-01-05,13.36865520477295
2021-01-06,12.580535888671875
2021-01-07,13.30807113647461
2021-01-08,13.241002082824707
2021-01-11,13.58482551574707
2021-01-12,13.448442459106445
2021-01-13,13.495314598083496
2021-01-14,13.164706230163574
2021-01-15,12.824872970581055
2021-01-19,12.990178108215332
2021-01-20,13.32976245880127
2021-01-21,13.830160140991211
2021-01-22,13.675577163696289
2021-01-25,13.616486549377441
2021-01-26,13.399075508117676
2021-01-27,12.882967948913574
2021-01-28,13.015859603881836
2021-01-29,12.954774856567383
2021-02-01,13.201359748840332
2021-02-02,13.520248413085938
2021-02-03,13.49406909942627
2021-02-04,13.627459526062012
2021-02-05,13.554405212402344
2021-02-08,14.399871826171875
2021-02-09,14.224844932556152
2021-02-10,14.724496841430664
2021-02-11,15.209685325622559
2021-02-12,14.920968055725098
2021-02-16,15.28897476196289
2021-02-17,14.865865707397461
2021-02-18,14.78907299041748
2021-02-19,14.886310577392578
2021-02-22,14.317095756530762
2021-02-23,14.103920936584473
2021-02-24,14.4599609375
2021-02-25,13.27166748046875
2021-02-26,13.677573204040527
2021-03-01,13.804482460021973
2021-03-02,13.37015151977539
2021-03-03,12.770273208618164
2021-03-04,12.336942672729492
2021-03-05,12.427948951721191
2021-03-08,11.562036514282227
2021-03-09,12.490849494934082
2021-03-10,12.438972473144531
2021-03-11,12.962986946105957
2021-03-12,12.825809478759766
2021-03-15,13.160272598266602
2021-03-16,13.260037422180176
2021-03-17,13.309922218322754
2021-03-18,12.692625045776367
2021-03-19,12.815583229064941
2021-03-22,13.155285835266113
2021-03-23,13.040057182312012
2021-03-24,12.613309860229492
2021-03-25,12.50581169128418
2021-03-26,12.809100151062012
2021-03-29,12.917841911315918
2021-03-30,12.841522216796875
2021-03-31,13.316904067993164
2021-04-01,13.779315948486328
2021-04-05,13.954654693603516
2021-04-06,13.828948974609375
2021-04-07,14.110285758972168
2021-04-08,14.283378601074219
2021-04-09,14.36618423461914
2021-04-12,15.173284530639648
2021-04-13,15.642680168151855
2021-04-14,15.241125106811523
2021-04-15,16.09935188293457
2021-04-16,15.87513256072998
2021-04-19,15.325677871704102
2021-04-20,15.135622024536133
2021-04-21,15.32442855834961
2021-04-22,14.815374374389648
2021-04-23,15.229402542114258
2021-04-26,15.441651344299316
2021-04-27,15.34562873840332
2021-04-28,15.240874290466309
2021-04-29,15.288763999938965
2021-04-30,14.974252700805664
2021-05-03,14.801910400390625
2021-05-04,14.317547798156738
2021-05-05,14.424544334411621
2021-05-06,14.488895416259766
2021-05-07,14.777466773986816
2021-05-10,14.232248306274414
2021-05-11,14.272653579711914
2021-05-12,13.726187705993652
2021-05-13,13.633158683776855
2021-05-14,14.209552764892578
2021-05-17,14.132232666015625
2021-05-18,13.98283576965332
2021-05-19,14.032720565795898
2021-05-20,14.57818603515625
2021-05-21,14.956543922424316
2021-05-24,15.575339317321777
2021-05-25,15.611005783081055
2021-05-26,15.663130760192871
2021-05-27,15.451627731323242
2021-05-28,16.20635223388672
2021-06-01,16.226306915283203
2021-06-02,16.738845825195312
2021-06-03,16.929899215698242
2021-06-04,17.536972045898438
2021-06-07,17.577627182006836
2021-06-08,17.416006088256836
2021-06-09,17.32145118713379
2021-06-10,17.388063430786133
2021-06-11,17.78746795654297
2021-06-14,17.980554580688477
2021-06-15,17.750797271728516
2021-06-16,17.772499084472656
2021-06-17,18.61770248413086
2021-06-18,18.599245071411133
2021-06-21,18.38819122314453
2021-06-22,18.846712112426758
2021-06-23,19.016855239868164
2021-06-24,19.164793014526367
2021-06-25,18.990659713745117
2021-06-28,19.942638397216797
2021-06-29,19.98430061340332
2021-06-30,19.960102081298828
2021-07-01,20.16915512084961
2021-07-02,20.443572998046875
2021-07-06,20.65462303161621
2021-07-07,20.328563690185547
2021-07-08,19.86056137084961
2021-07-09,20.007747650146484
2021-07-12,20.469017028808594
2021-07-13,20.207077026367188
2021-07-14,19.799440383911133
2021-07-15,18.926048278808594
2021-07-16,18.122507095336914
2021-07-19,18.739944458007812
2021-07-20,18.572547912597656
2021-07-21,19.368852615356445
2021-07-22,19.55246925354004
2021-07-23,19.516542434692383
2021-07-26,19.25310516357422
2021-07-27,19.167282104492188
2021-07-28,19.46166229248047
2021-07-29,19.620325088500977
2021-07-30,19.457666397094727
2021-08-02,19.70813751220703
2021-08-03,19.77299690246582
2021-08-04,20.231027603149414
2021-08-05,20.593257904052734
2021-08-06,20.322830200195312
2021-08-09,20.251981735229492
2021-08-10,19.893741607666016
2021-08-11,19.657245635986328
2021-08-12,19.86280632019043
2021-08-13,20.14520835876465
2021-08-16,19.907712936401367
2021-08-17,19.4167537689209
2021-08-18,18.99964141845703
2021-08-19,19.75603485107422
2021-08-20,20.771873474121094
2021-08-23,21.911455154418945
2021-08-24,21.746807098388672
2021-08-25,22.16591453552246
2021-08-26,22.021223068237305
2021-08-27,22.58802032470703
2021-08-30,22.639909744262695
2021-08-31,22.341495513916016
2021-09-01,22.397384643554688
2021-09-02,22.35247039794922
2021-09-03,22.798599243164062
2021-09-07,22.61795425415039
2021-09-08,22.295581817626953
2021-09-09,22.13389778137207
2021-09-10,22.43431282043457
2021-09-13,22.108943939208984
2021-09-14,22.19877052307129
2021-09-15,22.297574996948242
2021-09-16,22.19877052307129
2021-09-17,21.85743522644043
2021-09-20,21.071962356567383
2021-09-21,21.2047061920166
2021-09-22,21.898357391357422
2021-09-23,22.43830108642578
2021-09-24,22.038082122802734
2021-09-27,21.617900848388672
2021-09-28,20.658763885498047
2021-09-29,20.477121353149414
2021-09-30,20.675737380981445
2021-10-01,20.701683044433594
2021-10-04,19.693645477294922
2021-10-05,20.41124725341797
2021-10-06,20.659765243530273
2021-10-07,21.034038543701172
2021-10-08,20.79051399230957
2021-10-11,20.654775619506836
2021-10-12,20.630821228027344
2021-10-13,20.89830207824707
2021-10-14,21.703731536865234
2021-10-15,21.819507598876953
2021-10-18,22.178808212280273
2021-10-19,22.246675491333008
2021-10-20,22.060041427612305
2021-10-21,22.64789390563965
2021-10-22,22.681827545166016
2021-10-25,23.120969772338867
2021-10-26,24.66895294189453
2021-10-27,24.403478622436523
2021-10-28,24.892518997192383
2021-10-29,25.517305374145508
2021-11-01,25.77680015563965
2021-11-02,26.34968376159668
2021-11-03,26.546297073364258
2021-11-04,29.743078231811523
2021-11-05,29.69417381286621
2021-11-08,30.744123458862305
2021-11-09,30.597410202026367
2021-11-10,29.4017391204834
2021-11-11,30.3309326171875
2021-11-12,30.3309326171875
2021-11-15,29.966638565063477
2021-11-16,30.14429473876953
2021-11-17,29.204124450683594
2021-11-18,31.613433837890625
2021-11-19,32.92088317871094
2021-11-22,31.89388656616211
2021-11-23,31.68429946899414
2021-11-24,32.61049270629883
2021-11-26,31.44176483154297
2021-11-29,33.311126708984375
2021-11-30,32.612483978271484
2021-12-01,31.37774085998535
2021-12-02,32.06747817993164
2021-12-03,30.637096405029297
2021-12-06,29.982288360595703
2021-12-07,32.3679313659668
2021-12-08,31.768030166625977
2021-12-09,30.434465408325195
2021-12-10,30.142995834350586
2021-12-13,28.109704971313477
2021-12-14,28.285385131835938
2021-12-15,30.40351676940918
2021-12-16,28.33529281616211
2021-12-17,27.750362396240234
2021-12-20,27.668508529663086
2021-12-21,29.02204132080078
2021-12-22,29.346446990966797
2021-12-23,29.586013793945312
2021-12-27,30.88863182067871
2021-12-28,30.266765594482422
2021-12-29,29.946353912353516
2021-12-30,29.5321102142334
2021-12-31,29.357423782348633
2022-01-03,30.06613540649414
2022-01-04,29.236650466918945
2022-01-05,27.5537166595459
2022-01-06,28.126670837402344
2022-01-07,27.19736671447754
2022-01-10,27.35009002685547
2022-01-11,27.766332626342773
2022-01-12,27.947998046875
2022-01-13,26.52659034729004
2022-01-14,26.89292335510254
2022-01-18,25.855819702148438
2022-01-19,25.02134132385254
2022-01-20,24.10601234436035
2022-01-21,23.3314266204834
2022-01-24,23.329431533813477
2022-01-25,22.283336639404297
2022-01-26,22.730520248413086
2022-01-27,21.90403175354004
2022-01-28,22.798398971557617
2022-01-31,24.44139862060547
2022-02-01,24.593124389648438
2022-02-02,25.19602394104004
2022-02-03,23.904375076293945
2022-02-04,24.274700164794922
2022-02-07,24.682958602905273
2022-02-08,25.062265396118164
2022-02-09,26.65635871887207
2022-02-10,25.776962280273438
2022-02-11,23.90537452697754
2022-02-14,24.222797393798828
2022-02-15,26.446739196777344
2022-02-16,26.462711334228516
2022-02-17,24.462358474731445
2022-02-18,23.59893798828125
2022-02-22,23.347393035888672
2022-02-23,22.346221923828125
2022-02-24,23.70473861694336
2022-02-25,24.11299705505371
2022-02-28,24.34058380126953
2022-03-01,23.434232711791992
2022-03-02,24.180004119873047
2022-03-03,23.67483901977539
2022-03-04,22.89812660217285
2022-03-07,21.316736221313477
2022-03-08,21.478469848632812
2022-03-09,22.975994110107422
2022-03-10,22.62058448791504
2022-03-11,22.063505172729492
2022-03-14,21.294776916503906
2022-03-15,22.935060501098633
2022-03-16,24.45554542541504
2022-03-17,24.725099563598633
2022-03-18,26.409317016601562
2022-03-21,26.689851760864258
2022-03-22,26.480195999145508
2022-03-23,25.59166717529297
2022-03-24,28.103511810302734
2022-03-25,27.646270751953125
2022-03-28,28.172399520874023
2022-03-29,28.60867691040039
2022-03-30,27.64427375793457
2022-03-31,27.240936279296875
2022-04-01,26.66788673400879
2022-04-04,27.3148193359375
2022-04-05,25.8881778717041
2022-04-06,24.3666934967041
2022-04-07,24.16802215576172
2022-04-08,23.080820083618164
2022-04-11,21.88080596923828
2022-04-12,21.468490600585938
2022-04-13,22.16632843017578
2022-04-14,21.22289276123047
2022-04-18,21.747028350830078
2022-04-19,22.161344528198242
2022-04-20,21.446521759033203
2022-04-21,20.14966583251953
2022-04-22,19.482769012451172
2022-04-25,19.869131088256836
2022-04-26,18.75697135925293
2022-04-27,18.38458824157715
2022-04-28,19.74933433532715
2022-04-29,18.51637077331543
2022-05-02,19.50074577331543
2022-05-03,19.569625854492188
2022-05-04,20.300418853759766
2022-05-05,18.812881469726562
2022-05-06,18.6441593170166
2022-05-09,16.92201042175293
2022-05-10,17.565946578979492
2022-05-11,16.6025333404541
2022-05-12,16.148284912109375
2022-05-13,17.676759719848633
2022-05-16,17.235490798950195
2022-05-17,18.146984100341797
2022-05-18,16.91002655029297
2022-05-19,17.095720291137695
2022-05-20,16.666433334350586
2022-05-23,16.870094299316406
2022-05-24,16.127321243286133
2022-05-25,16.94696807861328
2022-05-26,17.82151985168457
2022-05-27,18.779935836791992
2022-05-31,18.64116668701172
2022-06-01,18.28974723815918
2022-06-02,19.559646606445312
2022-06-03,18.689083099365234
2022-06-06,18.754976272583008
2022-06-07,18.894746780395508
2022-06-08,18.621145248413086
2022-06-09,18.022001266479492
2022-06-10,16.949552536010742
2022-06-13,15.624463081359863
2022-06-14,15.813192367553711
2022-06-15,16.503196716308594
2022-06-16,15.578529357910156
2022-06-17,15.85712718963623
2022-06-21,16.542139053344727
2022-06-22,16.336435317993164
2022-06-23,16.201631546020508
2022-06-24,17.10133171081543
2022-06-27,16.844701766967773
2022-06-28,15.95898151397705
2022-06-29,15.519612312316895
2022-06-30,15.137165069580078
2022-07-01,14.502079963684082
2022-07-05,14.942445755004883
2022-07-06,15.108206748962402
2022-07-07,15.835158348083496
2022-07-08,15.815185546875
2022-07-11,15.13017749786377
2022-07-12,15.060276985168457
2022-07-13,15.142157554626465
2022-07-14,15.349859237670898
2022-07-15,15.739296913146973
2022-07-18,16.07780647277832
2022-07-19,16.967525482177734
2022-07-20,17.781349182128906
2022-07-21,18.02400016784668
2022-07-22,17.294055938720703
2022-07-25,16.999481201171875
2022-07-26,16.509187698364258
2022-07-27,17.764375686645508
2022-07-28,17.958097457885742
2022-07-29,18.136837005615234
2022-08-01,18.41443634033203
2022-08-02,18.499319076538086
2022-08-03,18.86578941345215
2022-08-04,19.18732452392578
2022-08-05,18.961647033691406
2022-08-08,17.767370223999023
2022-08-09,17.061389923095703
2022-08-10,18.07093048095703
2022-08-11,17.916156768798828
2022-08-12,18.682048797607422
2022-08-15,19.004587173461914
2022-08-16,18.851806640625
2022-08-17,18.3085880279541
2022-08-18,18.745962142944336
2022-08-19,17.823291778564453
2022-08-22,17.009464263916016
2022-08-23,17.156253814697266
2022-08-24,17.19719696044922
2022-08-25,17.887197494506836
2022-08-26,16.2365779876709
2022-08-29,15.778240203857422
2022-08-30,15.445720672607422
2022-08-31,15.072258949279785
2022-09-01,13.916926383972168
2022-09-02,13.62734317779541
2022-09-06,13.44560432434082
2022-09-07,13.698315620422363
2022-09-08,13.973999977111816
2022-09-09,14.3705472946167
2022-09-12,14.488410949707031
2022-09-13,13.115982055664062
2022-09-14,13.11298656463623
2022-09-15,12.914212226867676
2022-09-16,13.182904243469238
2022-09-19,13.366695404052734
2022-09-20,13.160930633544922
2022-09-21,13.245833396911621
2022-09-22,12.54663372039795
2022-09-23,12.501687049865723
2022-09-26,12.21401596069336
2022-09-27,12.398804664611816
2022-09-28,12.721433639526367
2022-09-29,12.206025123596191
2022-09-30,12.125117301940918
2022-10-03,12.497689247131348
2022-10-04,13.151944160461426
2022-10-05,13.193892478942871
2022-10-06,13.114983558654785
2022-10-07,12.062189102172852
2022-10-10,11.656654357910156
2022-10-11,11.572749137878418
2022-10-12,11.486846923828125
2022-10-13,11.94632339477539
2022-10-14,11.214159965515137
2022-10-17,11.87440299987793
2022-10-18,11.953312873840332
2022-10-19,12.037217140197754
2022-10-20,12.180055618286133
2022-10-21,12.451742172241211
2022-10-24,12.584590911865234
2022-10-25,13.245833396911621
2022-10-26,12.881250381469727
2022-10-27,13.160930633544922
2022-10-28,13.818178176879883
2022-10-31,13.48156452178955
2022-11-01,13.527512550354004
2022-11-02,13.203882217407227
2022-11-03,13.405651092529297
2022-11-04,14.139810562133789
2022-11-07,14.284645080566406
2022-11-08,14.585299491882324
2022-11-09,13.760245323181152
2022-11-10,15.731986045837402
2022-11-11,16.308326721191406
2022-11-14,16.276363372802734
2022-11-15,16.646940231323242
2022-11-16,15.891805648803711
2022-11-17,15.659070014953613
2022-11-18,15.391378402709961
2022-11-21,15.299481391906738
2022-11-22,16.0196590423584
2022-11-23,16.50010871887207
2022-11-25,16.25139045715332
2022-11-28,15.80889892578125
2022-11-29,15.621113777160645
2022-11-30,16.907970428466797
2022-12-01,17.119781494140625
2022-12-02,16.861013412475586
2022-12-05,16.595251083374023
2022-12-06,15.97280216217041
2022-12-07,16.105684280395508
2022-12-08,17.15375518798828
2022-12-09,16.98590087890625
2022-12-12,17.519428253173828
2022-12-13,18.055950164794922
2022-12-14,17.65830421447754
2022-12-15,16.93694305419922
2022-12-16,16.5562801361084
2022-12-19,16.23956298828125
2022-12-20,16.070716857910156
2022-12-21,16.486345291137695
2022-12-22,15.32537841796875
2022-12-23,15.192493438720703
2022-12-27,14.10845947265625
2022-12-28,14.023533821105957
2022-12-29,14.590030670166016
2022-12-30,14.601020812988281
2023-01-03,14.302286148071289
2023-01-04,14.735902786254883
2023-01-05,14.252331733703613
2023-01-06,14.845803260803223
2023-01-09,15.614121437072754
2023-01-10,15.894872665405273
2023-01-11,15.986787796020508
2023-01-12,16.496334075927734
2023-01-13,16.883991241455078
2023-01-17,17.686279296875
2023-01-18,17.361568450927734
2023-01-19,16.750106811523438
2023-01-20,17.823156356811523
2023-01-23,19.17595863342285
2023-01-24,19.247886657714844
2023-01-25,19.30584144592285
2023-01-26,19.784412384033203
2023-01-27,20.346912384033203
2023-01-30,19.14498519897461
2023-01-31,19.519651412963867
2023-02-01,20.924400329589844
2023-02-02,21.689720153808594
2023-02-03,21.08125877380371
2023-02-06,21.07027244567871
2023-02-07,22.15330696105957
2023-02-08,22.18528175354004
2023-02-09,22.317163467407227
2023-02-10,21.246112823486328
2023-02-13,21.76865005493164
2023-02-14,22.95059585571289
2023-02-15,22.743783950805664
2023-02-16,21.98246192932129
2023-02-17,21.369003295898438
2023-02-21,20.636655807495117
2023-02-22,20.73556900024414
2023-02-23,23.64298439025879
2023-02-24,23.265317916870117
2023-02-27,23.48012924194336
2023-02-28,23.19537925720215
2023-03-01,22.67784309387207
2023-03-02,23.293296813964844
2023-03-03,23.868783950805664
2023-03-06,23.5330810546875
2023-03-07,23.271270751953125
2023-03-08,24.163625717163086
2023-03-09,23.41916275024414
2023-03-10,22.94849967956543
2023-03-13,22.949499130249023
2023-03-14,24.04570960998535
2023-03-15,24.210594177246094
2023-03-16,25.52265167236328
2023-03-17,25.706520080566406
2023-03-20,25.881393432617188
2023-03-21,26.1801815032959
2023-03-22,26.448986053466797
2023-03-23,27.171464920043945
2023-03-24,26.759763717651367
2023-03-27,26.511943817138672
2023-03-28,26.39102554321289
2023-03-29,26.96461296081543
2023-03-30,27.36332893371582
2023-03-31,27.757043838500977
2023-04-03,27.94490623474121
2023-04-04,27.43327522277832
2023-04-05,26.861690521240234
2023-04-06,27.017574310302734
2023-04-10,27.559186935424805
2023-04-11,27.14948081970215
2023-04-12,26.47596549987793
2023-04-13,26.44399070739746
2023-04-14,26.73877716064453
2023-04-17,26.982601165771484
2023-04-18,27.647125244140625
2023-04-19,27.910932540893555
2023-04-20,27.084529876708984
2023-04-21,27.099512100219727
2023-04-24,27.022573471069336
2023-04-25,26.22214698791504
2023-04-26,26.93663215637207
2023-04-27,27.206439971923828
2023-04-28,27.72906494140625
2023-05-01,28.889230728149414
2023-05-02,28.189729690551758
2023-05-03,27.782026290893555
2023-05-04,27.54219627380371
2023-05-05,28.659393310546875
2023-05-08,29.130056381225586
2023-05-09,28.550472259521484
2023-05-10,28.864248275756836
2023-05-11,28.557466506958008
2023-05-12,28.31964111328125
2023-05-15,28.93219757080078
2023-05-16,29.1920108795166
2023-05-17,30.15631866455078
2023-05-18,31.655241012573242
2023-05-19,31.241539001464844
2023-05-22,31.153602600097656
2023-05-23,30.66594886779785
2023-05-24,30.516061782836914
2023-05-25,37.95271301269531
2023-05-26,38.91802215576172
2023-05-30,40.08218002319336
2023-05-31,37.80681610107422
2023-06-01,39.741432189941406
2023-06-02,39.298744201660156
2023-06-05,39.142860412597656
2023-06-06,38.62623596191406
2023-06-07,37.45194625854492
2023-06-08,38.4863166809082
2023-06-09,38.746158599853516
2023-06-12,39.45772171020508
2023-06-13,40.99677658081055
2023-06-14,42.97055435180664
2023-06-15,42.62677001953125
2023-06-16,42.66574478149414
2023-06-20,43.78105545043945
2023-06-21,43.018524169921875
2023-06-22,42.99854278564453
2023-06-23,42.183040618896484
2023-06-26,40.60700988769531
2023-06-27,41.850242614746094
2023-06-28,41.091712951660156
2023-06-29,40.79689025878906
2023-06-30,42.27598190307617
2023-07-03,42.38691711425781
2023-07-05,42.290977478027344
2023-07-06,42.07710647583008
2023-07-07,42.47686004638672
2023-07-10,42.15406036376953
2023-07-11,42.3789176940918
2023-07-12,43.874996185302734
2023-07-13,45.948726654052734
2023-07-14,45.4410400390625
2023-07-17,46.43242645263672
2023-07-18,47.46479034423828
2023-07-19,47.04804611206055
2023-07-20,45.49200439453125
2023-07-21,44.2817497253418
2023-07-24,44.58456039428711
2023-07-25,45.65090560913086
2023-07-26,45.42404556274414
2023-07-27,45.87177276611328
2023-07-28,46.72124481201172
2023-07-31,46.700260162353516
2023-08-01,46.478397369384766
2023-08-02,44.24177169799805
2023-08-03,44.48762130737305
2023-08-04,44.65251922607422
2023-08-07,45.38907241821289
2023-08-08,44.636531829833984
2023-08-09,42.52783203125
2023-08-10,42.36193084716797
2023-08-11,40.82987594604492
2023-08-14,43.72609329223633
2023-08-15,43.9129753112793
2023-08-16,43.45925521850586
2023-08-17,43.31734085083008
2023-08-18,43.272369384765625
2023-08-21,46.938114166259766
2023-08-22,45.639915466308594
2023-08-23,47.08702850341797
2023-08-24,47.133995056152344
2023-08-25,45.98970031738281
2023-08-28,46.80619430541992
2023-08-29,48.75399398803711
2023-08-30,49.23370361328125
2023-08-31,49.324649810791016
2023-09-01,48.47916793823242
2023-09-05,48.51814270019531
2023-09-06,47.03593444824219
2023-09-07,46.21636962890625
2023-09-08,45.547725677490234
2023-09-11,45.153934478759766
2023-09-12,44.846099853515625
2023-09-13,45.46076965332031
2023-09-14,45.55672836303711
2023-09-15,43.87661361694336
2023-09-18,43.94257354736328
2023-09-19,43.4968147277832
2023-09-20,42.21649932861328
2023-09-21,40.995155334472656
2023-09-22,41.58782958984375
2023-09-25,42.19951248168945
2023-09-26,41.888675689697266
2023-09-27,42.445377349853516
2023-09-28,43.06604766845703
2023-09-29,43.475826263427734
2023-10-02,44.75814437866211
2023-10-03,43.49381637573242
2023-10-04,44.017547607421875
2023-10-05,44.6641960144043
2023-10-06,45.73762130737305
2023-10-09,45.248878479003906
2023-10-10,45.77360534667969
2023-10-11,46.78106689453125
2023-10-12,46.91999435424805
2023-10-13,45.4367790222168
2023-10-16,46.0704460144043
2023-10-17,43.91459274291992
2023-10-18,42.17352294921875
2023-10-19,42.078575134277344
2023-10-20,41.364952087402344
2023-10-23,42.952110290527344
2023-10-24,43.63973617553711
2023-10-25,41.756744384765625
2023-10-26,40.30451965332031
2023-10-27,40.478424072265625
2023-10-30,41.139076232910156
2023-10-31,40.75827407836914
2023-11-01,42.302459716796875
2023-11-02,43.482826232910156
2023-11-03,44.98102569580078
2023-11-06,45.72662353515625
2023-11-07,45.93052673339844
2023-11-08,46.5491943359375
2023-11-09,46.92499542236328
2023-11-10,48.30924987792969
2023-11-13,48.59409713745117
2023-11-14,49.62954330444336
2023-11-15,48.86195755004883
2023-11-16,49.45364761352539
2023-11-17,49.27174377441406
2023-11-20,50.382144927978516
2023-11-21,49.91739273071289
2023-11-22,48.69004821777344
2023-11-24,47.750553131103516
2023-11-27,48.21630096435547
2023-11-28,47.79552459716797
2023-11-29,48.114356994628906
2023-11-30,46.745086669921875
2023-12-01,46.74008560180664
2023-12-04,45.48575210571289
2023-12-05,46.5452880859375
2023-12-06,45.482757568359375
2023-12-07,46.57527160644531
2023-12-08,47.484867095947266
2023-12-11,46.606258392333984
2023-12-12,47.63580322265625
2023-12-13,48.066612243652344
2023-12-14,48.328495025634766
2023-12-15,48.86825180053711
2023-12-18,50.05472183227539
2023-12-19,49.58193588256836
2023-12-20,48.08959197998047
2023-12-21,48.96820831298828
2023-12-22,48.80828094482422
2023-12-26,49.257076263427734
2023-12-27,49.395015716552734
2023-12-28,49.49997329711914
2023-12-29,49.49997329711914
2024-01-02,48.14657211303711
2024-01-03,47.54784393310547
2024-01-04,47.976654052734375
2024-01-05,49.07516098022461
2024-01-08,52.229759216308594
2024-01-09,53.116363525390625
2024-01-10,54.32582473754883
2024-01-11,54.79761505126953
2024-01-12,54.68566131591797
2024-01-16,56.3569221496582
2024-01-17,56.02806854248047
2024-01-18,57.081600189208984
2024-01-19,59.464534759521484
2024-01-22,59.627464294433594
2024-01-23,59.846370697021484
2024-01-24,61.3347053527832
2024-01-25,61.58959197998047
2024-01-26,61.00385284423828
2024-01-29,62.437217712402344
2024-01-30,62.74607467651367
2024-01-31,61.4996337890625
2024-02-01,62.998966217041016
2024-02-02,66.13056945800781
2024-02-05,69.3011703491211
2024-02-06,68.19265747070312
2024-02-07,70.06781005859375
2024-02-08,69.61001586914062
2024-02-09,72.10092163085938
2024-02-12,72.21586608886719
2024-02-13,72.09593200683594
2024-02-14,73.86713409423828
2024-02-15,72.62567901611328
2024-02-16,72.58069610595703
2024-02-20,69.42111206054688
2024-02-21,67.4419937133789
2024-02-22,78.5030746459961
2024-02-23,78.78194427490234
2024-02-26,79.05682373046875
2024-02-27,78.6659927368164
2024-02-28,77.62845611572266
2024-02-29,79.07681274414062
2024-03-01,82.24240112304688
2024-03-04,85.19908142089844
2024-03-05,85.92979431152344
2024-03-06,88.66470336914062
2024-03-07,92.63211822509766
2024-03-08,87.49317932128906
2024-03-11,85.73987579345703
2024-03-12,91.87643432617188
2024-03-13,90.85183715820312
2024-03-14,87.90900421142578
2024-03-15,87.80204010009766
2024-03-18,88.4197998046875
2024-03-19,89.36244201660156
2024-03-20,90.33604431152344
2024-03-21,91.39861297607422
2024-03-22,94.25148010253906
2024-03-25,94.96419525146484
2024-03-26,92.524169921875
2024-03-27,90.21408081054688
2024-03-28,90.3200454711914
2024-04-01,90.32704162597656
2024-04-02,89.4164047241211
2024-04-03,88.92859649658203
2024-04-04,85.87081146240234
2024-04-05,87.97297668457031
2024-04-08,87.09832763671875
2024-04-09,85.32002258300781
2024-04-10,87.00436401367188
2024-04-11,90.57994079589844
2024-04-12,88.15091705322266
2024-04-15,85.9667739868164
2024-04-16,87.3802261352539
2024-04-17,84.00155639648438
2024-04-18,84.63731384277344
2024-04-19,76.16968536376953
2024-04-22,79.48635864257812
2024-04-23,82.39020538330078
2024-04-24,79.64529418945312
2024-04-25,82.59912109375
2024-04-26,87.70010375976562
2024-04-29,87.7220687866211
2024-04-30,86.36762237548828
2024-05-01,83.00794982910156
2024-05-02,85.78285217285156
2024-05-03,88.75366973876953
2024-05-06,92.10334014892578
2024-05-07,90.5179672241211
2024-05-08,90.37602233886719
2024-05-09,88.7116928100586
2024-05-10,89.84223175048828
2024-05-13,90.363037109375
2024-05-14,91.31965637207031
2024-05-15,94.59233856201172
2024-05-16,94.32144927978516
2024-05-17,92.44219207763672
2024-05-20,94.74229431152344
2024-05-21,95.34805297851562
2024-05-22,94.91221618652344
2024-05-23,103.75769805908203
2024-05-24,106.4266357421875
2024-05-28,113.85567474365234
2024-05-29,114.77930450439453
2024-05-30,110.45602416992188
2024-05-31,109.5893783569336
2024-06-03,114.95423889160156
2024-06-04,116.39066314697266
2024-06-05,122.39128112792969
2024-06-06,120.9498519897461
2024-06-07,120.83989715576172
2024-06-10,121.74153900146484
2024-06-11,120.871826171875
2024-06-12,125.16045379638672
2024-06-13,129.56907653808594
2024-06-14,131.83834838867188
2024-06-17,130.9386444091797
2024-06-18,135.5371856689453
2024-06-20,130.7386932373047
2024-06-21,126.530029296875
2024-06-24,118.07270050048828
2024-06-25,126.05017852783203
2024-06-26,126.3600845336914
2024-06-27,123.95084381103516
2024-06-28,123.50098419189453
2024-07-01,124.26074981689453
2024-07-02,122.63126373291016
2024-07-03,128.23948669433594
2024-07-05,125.7902603149414
2024-07-08,128.1595001220703
2024-07-09,131.33851623535156
2024-07-10,134.86740112304688
2024-07-11,127.35977172851562
2024-07-12,129.19918823242188
2024-07-15,128.39944458007812
2024-07-16,126.3200912475586
2024-07-17,117.95272827148438
2024-07-18,121.0517578125
2024-07-19,117.89276123046875
2024-07-22,123.50098419189453
2024-07-23,122.55128479003906
2024-07-24,114.21391296386719
2024-07-25,112.24453735351562
2024-07-26,113.0242919921875
2024-07-29,111.55475616455078
2024-07-30,103.6972427368164
2024-07-31,116.98303985595703
2024-08-01,109.1755142211914
2024-08-02,107.23611450195312
2024-08-05,100.41827392578125
2024-08-06,104.21707153320312
2024-08-07,98.87876892089844
2024-08-08,104.93685150146484
2024-08-09,104.71692657470703
2024-08-12,108.98556518554688
2024-08-13,116.10331726074219
2024-08-14,118.04270935058594
2024-08-15,122.82119750976562
2024-08-16,124.54065704345703
2024-08-19,129.9589385986328
2024-08-20,127.2098159790039
2024-08-21,128.4594268798828
2024-08-22,123.70092010498047
2024-08-23,129.32913208007812
2024-08-26,126.42005920410156
2024-08-27,128.25949096679688
2024-08-28,125.5703353881836
2024-08-29,117.55286407470703
2024-08-30,119.33230590820312
2024-09-03,107.96588897705078
2024-09-04,106.17645263671875
2024-09-05,107.17613983154297
2024-09-06,102.79752349853516
2024-09-09,106.43637084960938
2024-09-10,108.06585693359375
2024-09-11,116.87307739257812
2024-09-12,119.11256408691406
2024-09-13,119.07256317138672
2024-09-16,116.75309753417969
2024-09-17,115.5633773803711
2024-09-18,113.3438949584961
2024-09-19,117.84284973144531
2024-09-20,115.97328186035156
2024-09-23,116.23323059082031
2024-09-24,120.8421630859375
2024-09-25,123.48155975341797
2024-09-26,124.01143646240234
2024-09-27,121.3720474243164
2024-09-30,121.41203308105469
2024-10-01,116.97305297851562
2024-10-02,118.82262420654297
2024-10-03,122.82170867919922
2024-10-04,124.89122772216797
2024-10-07,127.69059753417969
2024-10-08,132.85939025878906
2024-10-09,132.61944580078125
2024-10-10,134.77896118164062
2024-10-11,134.7689666748047
2024-10-14,138.03822326660156
2024-10-15,131.5697021484375
2024-10-16,135.68873596191406
2024-10-17,136.89846801757812
2024-10-18,137.9682159423828
2024-10-21,143.67691040039062
2024-10-22,143.55694580078125
2024-10-23,139.52786254882812
2024-10-24,140.37767028808594
2024-10-25,141.5074005126953
2024-10-28,140.48764038085938
2024-10-29,141.21746826171875
2024-10-30,139.3079071044922
2024-10-31,132.72943115234375
2024-11-01,135.3688201904297
2024-11-04,136.0186767578125
2024-11-05,139.87777709960938
2024-11-06,145.57644653320312
2024-11-07,148.84573364257812
2024-11-08,147.5959930419922
2024-11-11,145.22654724121094
2024-11-12,148.25582885742188
2024-11-13,146.23631286621094
2024-11-14,146.7261962890625
2024-11-15,141.94729614257812
2024-11-18,140.11770629882812
2024-11-19,146.97613525390625
2024-11-20,145.8563995361328
2024-11-21,146.63623046875
2024-11-22,141.9173126220703
2024-11-25,135.98867797851562
2024-11-26,136.8884735107422
2024-11-27,135.30882263183594
2024-11-29,138.21817016601562
2024-12-02,138.59808349609375
2024-12-03,140.2277069091797
2024-12-04,145.10658264160156
2024-12-05,145.03659057617188
2024-12-06,142.41702270507812
2024-12-09,138.78758239746094
2024-12-10,135.04820251464844
2024-12-11,139.28750610351562
2024-12-12,137.3178253173828
2024-12-13,134.22833251953125
2024-12-16,131.9786834716797
2024-12-17,130.36895751953125
2024-12-18,128.88919067382812
2024-12-19,130.6588897705078
2024-12-20,134.67825317382812
2024-12-23,139.64744567871094
2024-12-24,140.19737243652344
2024-12-26,139.90740966796875
2024-12-27,136.9878692626953
2024-12-30,137.46780395507812
2024-12-31,134.26832580566406
2025-01-02,138.2876739501953
2025-01-03,144.44668579101562
2025-01-06,149.40586853027344
2025-01-07,140.11737060546875
2025-01-08,140.08738708496094
2025-01-10,135.88807678222656
2025-01-13,133.20849609375
2025-01-14,131.7387237548828
2025-01-15,136.218017578125
2025-01-16,133.54844665527344
2025-01-17,137.68777465820312
2025-01-21,140.80726623535156
2025-01-22,147.04627990722656
2025-01-23,147.1962432861328
2025-01-24,142.5969696044922
2025-01-27,118.40088653564453
2025-01-28,128.9691925048828
2025-01-29,123.6800308227539
2025-01-30,124.62987518310547
2025-01-31,120.05062103271484
2025-02-03,116.64117431640625
2025-02-04,118.63085174560547
2025-02-05,124.80985260009766
2025-02-06,128.65921020507812
2025-02-07,129.81903076171875
2025-02-10,133.54844665527344
2025-02-11,132.77857971191406
2025-02-12,131.11883544921875
2025-02-13,135.26815795898438
2025-02-14,138.8275909423828
2025-02-18,139.37750244140625
2025-02-19,139.20751953125
2025-02-20,140.08738708496094
2025-02-21,134.40829467773438
2025-02-24,130.25897216796875
2025-02-25,126.60955810546875
2025-02-26,131.25881958007812
2025-02-27,120.13060760498047
2025-02-28,124.89983367919922
2025-03-03,114.04158782958984
2025-03-04,115.97127532958984
2025-03-05,117.28106689453125
2025-03-06,110.55215454101562
2025-03-07,112.67181396484375
2025-03-10,106.96273040771484
2025-03-11,108.74244689941406
2025-03-12,115.73196411132812
2025-03-13,115.57197570800781
2025-03-14,121.66155242919922
2025-03-17,119.52169799804688
2025-03-18,115.42198181152344
2025-03-19,117.51183319091797
2025-03-20,118.52176666259766
2025-03-21,117.69182586669922
2025-03-24,121.40157318115234
2025-03-25,120.68162536621094
2025-03-26,113.75210571289062
2025-03-27,111.4222640991211
2025-03-28,109.66238403320312
2025-03-31,108.37247467041016
2025-04-01,110.14234924316406
2025-04-02,110.4123306274414
2025-04-03,101.79293060302734
2025-04-04,94.30345153808594
2025-04-07,97.63321685791016
2025-04-08,96.29331970214844
2025-04-09,114.32205963134766
2025-04-10,107.56253051757812
2025-04-11,110.92229461669922
2025-04-14,110.70230865478516
2025-04-15,112.19220733642578
2025-04-16,104.48274230957031
2025-04-17,101.48294830322266
2025-04-21,96.90327453613281
2025-04-22,98.88313293457031
2025-04-23,102.70286560058594
2025-04-24,106.422607421875
2025-04-25,111.0022964477539
2025-04-28,108.72245025634766
2025-04-29,109.0124282836914
2025-04-30,108.91243743896484
2025-05-01,111.60224914550781
2025-05-02,114.49205017089844
2025-05-05,113.81209564208984
2025-05-06,113.53211975097656
2025-05-07,117.05187225341797
2025-05-08,117.36185455322266
2025-05-09,116.64189910888672
2025-05-12,122.99146270751953
2025-05-13,129.9209747314453
2025-05-14,135.33059692382812
2025-05-15,134.8206329345703
2025-05-16,135.39059448242188
2025-05-19,135.5605926513672
2025-05-20,134.37066650390625
2025-05-21,131.7908477783203
2025-05-22,132.82078552246094
2025-05-23,131.2808837890625
2025-05-27,135.49058532714844
2025-05-28,134.80064392089844
2025-05-29,139.1803436279297
2025-05-30,135.12062072753906
2025-06-02,137.37046813964844
2025-06-03,141.21018981933594
2025-06-04,141.91014099121094
2025-06-05,139.98028564453125
2025-06-06,141.7101593017578
2025-06-09,142.62010192871094
2025-06-10,143.95001220703125
2025-06-11,142.8300018310547
2025-06-12,145.0
2025-06-13,141.97000122070312
2025-06-16,144.69000244140625
2025-06-17,144.1199951171875
2025-06-18,145.47999572753906
2025-06-20,143.85000610351562
2025-06-23,144.1699981689453
2025-06-24,147.89999389648438
2025-06-25,154.30999755859375
2025-06-26,155.02000427246094
2025-06-27,157.75
2025-06-30,157.99000549316406
2025-07-01,153.3000030517578
2025-07-02,157.25
2025-07-03,159.33999633789062
2025-07-07,158.24000549316406
2025-07-08,160.0
2025-07-09,162.8800048828125
2025-07-10,164.10000610351562
2025-07-11,164.9199981689453
2025-07-14,164.07000732421875
2025-07-15,170.6999969482422
2025-07-16,171.3699951171875
2025-07-17,173.0
2025-07-18,172.41000366210938
2025-07-21,171.3800048828125
2025-07-22,167.02999877929688
2025-07-23,170.77999877929688
2025-07-24,173.74000549316406
2025-07-25,173.5
2025-07-28,176.75
2025-07-29,175.50999450683594
2025-07-30,179.27000427246094
2025-07-31,177.8699951171875
2025-08-01,173.72000122070312
2025-08-04,180.0
2025-08-05,178.25999450683594
2025-08-06,179.4199981689453
2025-08-07,180.77000427246094
2025-08-08,182.6999969482422
2025-08-11,182.05999755859375
2025-08-12,183.16000366210938
2025-08-13,181.58999633789062
2025-08-14,182.02000427246094
2025-08-15,180.4499969482422
2025-08-18,182.00999450683594
2025-08-19,175.63999938964844
2025-08-20,175.39999389648438
2025-08-21,174.97999572753906
2025-08-22,177.99000549316406
2025-08-25,179.80999755859375
2025-08-26,181.77000427246094
2025-08-27,181.60000610351562
2025-08-28,180.1699981689453
2025-08-29,174.17999267578125
2025-09-02,170.77999877929688
2025-09-03,170.6199951171875
