Date,SPY
2018-01-02,238.56875610351562
2018-01-03,240.0777130126953
2018-01-04,241.08958435058594
2018-01-05,242.69622802734375
2018-01-08,243.13999938964844
2018-01-09,243.69039916992188
2018-01-10,243.31756591796875
2018-01-11,245.09283447265625
2018-01-12,246.69064331054688
2018-01-16,245.8473358154297
2018-01-17,248.19061279296875
2018-01-18,247.7734375
2018-01-19,248.90078735351562
2018-01-22,250.92459106445312
2018-01-23,251.45712280273438
2018-01-24,251.3595428466797
2018-01-25,251.4659881591797
2018-01-26,254.37744140625
2018-01-29,252.6909942626953
2018-01-30,250.0990753173828
2018-01-31,250.2233123779297
2018-02-01,249.93927001953125
2018-02-02,244.4981231689453
2018-02-05,234.27259826660156
2018-02-06,238.8883514404297
2018-02-07,237.59237670898438
2018-02-08,228.68051147460938
2018-02-09,232.11566162109375
2018-02-12,235.52413940429688
2018-02-13,236.1099853515625
2018-02-14,239.2965545654297
2018-02-15,242.35006713867188
2018-02-16,242.42108154296875
2018-02-20,240.90322875976562
2018-02-21,239.70484924316406
2018-02-22,240.01560974121094
2018-02-23,243.8412628173828
2018-02-26,246.67282104492188
2018-02-27,243.59275817871094
2018-02-28,241.12506103515625
2018-03-01,237.61900329589844
2018-03-02,238.84393310546875
2018-03-05,241.60443115234375
2018-03-06,242.21688842773438
2018-03-07,242.1281280517578
2018-03-08,243.29981994628906
2018-03-09,247.5338592529297
2018-03-12,247.2230987548828
2018-03-13,245.62539672851562
2018-03-14,244.3649444580078
2018-03-15,244.0986785888672
2018-03-16,244.36334228515625
2018-03-19,241.0570831298828
2018-03-20,241.46697998046875
2018-03-21,241.0035858154297
2018-03-22,234.97918701171875
2018-03-23,229.97067260742188
2018-03-26,236.2625274658203
2018-03-27,232.24325561523438
2018-03-28,231.55699157714844
2018-03-29,234.5157012939453
2018-04-02,229.4538116455078
2018-04-03,232.39476013183594
2018-04-04,234.8811798095703
2018-04-05,236.7348175048828
2018-04-06,231.45899963378906
2018-04-09,232.59967041015625
2018-04-10,236.2981414794922
2018-04-11,235.0594024658203
2018-04-12,236.9932403564453
2018-04-13,236.2981414794922
2018-04-16,238.2409210205078
2018-04-17,240.7897186279297
2018-04-18,240.9678955078125
2018-04-19,239.63119506835938
2018-04-20,237.5992431640625
2018-04-23,237.56356811523438
2018-04-24,234.3642578125
2018-04-25,234.9434814453125
2018-04-26,237.33189392089844
2018-04-27,237.55465698242188
2018-04-30,235.72779846191406
2018-05-01,236.14662170410156
2018-05-02,234.56033325195312
2018-05-03,234.04342651367188
2018-05-04,237.07342529296875
2018-05-07,237.8755645751953
2018-05-08,237.8755645751953
2018-05-09,240.1747589111328
2018-05-10,242.42056274414062
2018-05-11,243.1602783203125
2018-05-14,243.276123046875
2018-05-15,241.60069274902344
2018-05-16,242.6166229248047
2018-05-17,242.4116668701172
2018-05-18,241.80564880371094
2018-05-21,243.62368774414062
2018-05-22,242.94630432128906
2018-05-23,243.6147918701172
2018-05-24,243.1156463623047
2018-05-25,242.53648376464844
2018-05-29,239.74700927734375
2018-05-30,242.94630432128906
2018-05-31,241.45806884765625
2018-06-01,243.82867431640625
2018-06-04,244.98716735839844
2018-06-05,245.16543579101562
2018-06-06,247.21511840820312
2018-06-07,247.1884002685547
2018-06-08,247.9192657470703
2018-06-11,248.2489471435547
2018-06-12,248.56980895996094
2018-06-13,247.77658081054688
2018-06-14,248.4004364013672
2018-06-15,248.08352661132812
2018-06-18,247.57330322265625
2018-06-19,246.6244354248047
2018-06-20,247.045166015625
2018-06-21,245.49642944335938
2018-06-22,245.94403076171875
2018-06-25,242.5960235595703
2018-06-26,243.1331787109375
2018-06-27,241.1189727783203
2018-06-28,242.4976348876953
2018-06-29,242.8466339111328
2018-07-02,243.3659210205078
2018-07-03,242.50650024414062
2018-07-05,244.48484802246094
2018-07-06,246.55279541015625
2018-07-09,248.77284240722656
2018-07-10,249.66806030273438
2018-07-11,247.84182739257812
2018-07-12,250.08877563476562
2018-07-13,250.28573608398438
2018-07-16,250.0618896484375
2018-07-17,251.07354736328125
2018-07-18,251.60157775878906
2018-07-19,250.65280151367188
2018-07-20,250.36627197265625
2018-07-23,250.8318328857422
2018-07-24,252.093994140625
2018-07-25,254.242431640625
2018-07-26,253.64266967773438
2018-07-27,251.92391967773438
2018-07-30,250.6079864501953
2018-07-31,251.84329223632812
2018-08-01,251.42262268066406
2018-08-02,252.79220581054688
2018-08-03,253.8754119873047
2018-08-06,254.80648803710938
2018-08-07,255.6479034423828
2018-08-08,255.54051208496094
2018-08-09,255.19134521484375
2018-08-10,253.4815673828125
2018-08-13,252.53268432617188
2018-08-14,254.14401245117188
2018-08-15,252.24620056152344
2018-08-16,254.28721618652344
2018-08-17,255.18240356445312
2018-08-20,255.7284393310547
2018-08-21,256.3282165527344
2018-08-22,256.1759948730469
2018-08-23,255.83583068847656
2018-08-24,257.37554931640625
2018-08-27,259.40771484375
2018-08-28,259.5331115722656
2018-08-29,260.92950439453125
2018-08-30,259.8731689453125
2018-08-31,259.8822326660156
2018-09-04,259.43450927734375
2018-09-05,258.7363586425781
2018-09-06,257.9573974609375
2018-09-07,257.45611572265625
2018-09-10,257.9037780761719
2018-09-11,258.754150390625
2018-09-12,258.8168640136719
2018-09-13,260.34759521484375
2018-09-14,260.392333984375
2018-09-17,259.01385498046875
2018-09-18,260.41925048828125
2018-09-19,260.6967468261719
2018-09-20,262.8094177246094
2018-09-21,262.5692443847656
2018-09-24,261.6970520019531
2018-09-25,261.4542236328125
2018-09-26,260.67193603515625
2018-09-27,261.4002990722656
2018-09-28,261.42724609375
2018-10-01,262.33551025390625
2018-10-02,262.1826477050781
2018-10-03,262.3264465332031
2018-10-04,260.2762451171875
2018-10-05,258.8194274902344
2018-10-08,258.8194274902344
2018-10-09,258.4416809082031
2018-10-10,250.25865173339844
2018-10-11,244.7463836669922
2018-10-12,248.14544677734375
2018-10-15,246.75164794921875
2018-10-16,252.1470947265625
2018-10-17,252.19200134277344
2018-10-18,248.5500946044922
2018-10-19,248.4152069091797
2018-10-22,247.30020141601562
2018-10-23,246.0412139892578
2018-10-24,238.58657836914062
2018-10-25,242.86688232421875
2018-10-26,238.5955047607422
2018-10-29,237.273681640625
2018-10-30,240.78968811035156
2018-10-31,243.36151123046875
2018-11-01,245.951416015625
2018-11-02,244.49453735351562
2018-11-05,245.84341430664062
2018-11-06,247.39906311035156
2018-11-07,252.695556640625
2018-11-08,252.2369842529297
2018-11-09,249.7731475830078
2018-11-12,245.1060333251953
2018-11-13,244.6474151611328
2018-11-14,242.97488403320312
2018-11-15,245.51063537597656
2018-11-16,246.14915466308594
2018-11-19,241.98570251464844
2018-11-20,237.50747680664062
2018-11-21,238.31678771972656
2018-11-23,236.72511291503906
2018-11-26,240.54690551757812
2018-11-27,241.35614013671875
2018-11-28,246.9134979248047
2018-11-29,246.3739776611328
2018-11-30,247.87570190429688
2018-12-03,251.1579132080078
2018-12-04,243.01980590820312
2018-12-06,242.651123046875
2018-12-07,237.01290893554688
2018-12-10,237.4624786376953
2018-12-11,237.5164337158203
2018-12-12,238.71243286132812
2018-12-13,238.6315155029297
2018-12-14,234.22528076171875
2018-12-17,229.63014221191406
2018-12-18,229.37828063964844
2018-12-19,225.94320678710938
2018-12-20,222.2653350830078
2018-12-21,217.71121215820312
2018-12-24,211.9586181640625
2018-12-26,222.6678009033203
2018-12-27,224.37730407714844
2018-12-28,224.08787536621094
2018-12-31,226.0506134033203
2019-01-02,226.28578186035156
2019-01-03,220.88595581054688
2019-01-04,228.2847137451172
2019-01-07,230.08468627929688
2019-01-08,232.2464141845703
2019-01-09,233.33175659179688
2019-01-10,234.15489196777344
2019-01-11,234.245361328125
2019-01-14,232.8162078857422
2019-01-15,235.48451232910156
2019-01-16,236.0543212890625
2019-01-17,237.84524536132812
2019-01-18,241.0109100341797
2019-01-22,237.75474548339844
2019-01-23,238.25221252441406
2019-01-24,238.37887573242188
2019-01-25,240.39588928222656
2019-01-28,238.56883239746094
2019-01-29,238.25221252441406
2019-01-30,242.02395629882812
2019-01-31,244.14947509765625
2019-02-01,244.26707458496094
2019-02-04,245.98556518554688
2019-02-05,247.01669311523438
2019-02-06,246.69105529785156
2019-02-07,244.33944702148438
2019-02-08,244.63795471191406
2019-02-11,244.7736358642578
2019-02-12,247.9212646484375
2019-02-13,248.726318359375
2019-02-14,248.17449951171875
2019-02-15,250.87890625
2019-02-19,251.3131561279297
2019-02-20,251.81961059570312
2019-02-21,250.92410278320312
2019-02-22,252.47988891601562
2019-02-25,252.82359313964844
2019-02-26,252.6427459716797
2019-02-27,252.5341796875
2019-02-28,252.06381225585938
2019-03-01,253.63772583007812
2019-03-04,252.71507263183594
2019-03-05,252.3713836669922
2019-03-06,250.84271240234375
2019-03-07,248.7443389892578
2019-03-08,248.24693298339844
2019-03-11,251.84674072265625
2019-03-12,252.79652404785156
2019-03-13,254.46975708007812
2019-03-14,254.3069305419922
2019-03-15,255.5633544921875
2019-03-18,256.4899597167969
2019-03-19,256.5536804199219
2019-03-20,255.78138732910156
2019-03-21,258.67041015625
2019-03-22,253.69186401367188
2019-03-25,253.5011444091797
2019-03-26,255.39068603515625
2019-03-27,254.0553436279297
2019-03-28,255.01829528808594
2019-03-29,256.62628173828125
2019-04-01,259.6696472167969
2019-04-02,259.79693603515625
2019-04-03,260.205810546875
2019-04-04,260.89617919921875
2019-04-05,262.158935546875
2019-04-08,262.35882568359375
2019-04-09,261.0142517089844
2019-04-10,261.9045715332031
2019-04-11,261.8318786621094
2019-04-12,263.6034240722656
2019-04-15,263.4307861328125
2019-04-16,263.6034240722656
2019-04-17,262.9582824707031
2019-04-18,263.4762878417969
2019-04-22,263.70330810546875
2019-04-23,266.0743713378906
2019-04-24,265.4840087890625
2019-04-25,265.3204040527344
2019-04-26,266.5559387207031
2019-04-29,266.9738464355469
2019-04-30,267.1100769042969
2019-05-01,265.10235595703125
2019-05-02,264.5299987792969
2019-05-03,267.1192321777344
2019-05-06,266.0198974609375
2019-05-07,261.5774841308594
2019-05-08,261.2142028808594
2019-05-09,260.42376708984375
2019-05-10,261.73193359375
2019-05-13,255.15455627441406
2019-05-14,257.4620361328125
2019-05-15,258.9701232910156
2019-05-16,261.3685302734375
2019-05-17,259.6788330078125
2019-05-20,257.9617919921875
2019-05-21,260.28741455078125
2019-05-22,259.48797607421875
2019-05-23,256.3174133300781
2019-05-24,256.8988037109375
2019-05-28,254.50961303710938
2019-05-29,252.80162048339844
2019-05-30,253.49197387695312
2019-05-31,250.07618713378906
2019-06-03,249.4402618408203
2019-06-04,254.85484313964844
2019-06-05,257.0624084472656
2019-06-06,258.73394775390625
2019-06-07,261.3231506347656
2019-06-10,262.5223388671875
2019-06-11,262.458740234375
2019-06-12,261.9953918457031
2019-06-13,263.07647705078125
2019-06-14,262.7857971191406
2019-06-17,262.8857116699219
2019-06-18,265.6383361816406
2019-06-19,266.23797607421875
2019-06-20,268.7817077636719
2019-06-21,268.3909912109375
2019-06-24,268.0623474121094
2019-06-25,265.4331970214844
2019-06-26,265.16845703125
2019-06-27,266.1086730957031
2019-06-28,267.4781188964844
2019-07-01,269.9064636230469
2019-07-02,270.6092529296875
2019-07-03,272.7728576660156
2019-07-05,272.46246337890625
2019-07-08,270.96539306640625
2019-07-09,271.3031311035156
2019-07-10,272.599365234375
2019-07-11,273.2384338378906
2019-07-12,274.4617919921875
2019-07-15,274.552978515625
2019-07-16,273.6675109863281
2019-07-17,271.8052062988281
2019-07-18,272.8002624511719
2019-07-19,271.2848815917969
2019-07-22,271.9513244628906
2019-07-23,273.8957824707031
2019-07-24,275.18292236328125
2019-07-25,273.86834716796875
2019-07-26,275.70330810546875
2019-07-29,275.20111083984375
2019-07-30,274.52569580078125
2019-07-31,271.5221252441406
2019-08-01,269.1578063964844
2019-08-02,267.1312255859375
2019-08-05,259.0977783203125
2019-08-06,262.7309875488281
2019-08-07,262.8861999511719
2019-08-08,268.0440979003906
2019-08-09,266.2183532714844
2019-08-12,262.9775695800781
2019-08-13,267.0672912597656
2019-08-14,259.17071533203125
2019-08-15,259.85540771484375
2019-08-16,263.68963623046875
2019-08-19,266.866455078125
2019-08-20,264.8216247558594
2019-08-21,266.9760437011719
2019-08-22,266.8938293457031
2019-08-23,260.0379943847656
2019-08-26,262.91363525390625
2019-08-27,261.882080078125
2019-08-28,263.72613525390625
2019-08-29,267.0946960449219
2019-08-30,266.9760437011719
2019-09-03,265.4149475097656
2019-09-04,268.427490234375
2019-09-05,271.8782043457031
2019-09-06,272.0881652832031
2019-09-09,272.2251281738281
2019-09-10,272.1612854003906
2019-09-11,274.0965881347656
2019-09-12,275.0460205078125
2019-09-13,274.86334228515625
2019-09-16,274.01446533203125
2019-09-17,274.708251953125
2019-09-18,274.8725280761719
2019-09-19,274.8542785644531
2019-09-20,273.5556945800781
2019-09-23,273.491455078125
2019-09-24,271.34539794921875
2019-09-25,272.9503173828125
2019-09-26,272.3817138671875
2019-09-27,270.9143981933594
2019-09-30,272.1707763671875
2019-10-01,268.933349609375
2019-10-02,264.1827697753906
2019-10-03,266.34716796875
2019-10-04,269.9514465332031
2019-10-07,268.7866516113281
2019-10-08,264.61376953125
2019-10-09,267.1267395019531
2019-10-10,268.933349609375
2019-10-11,271.7214050292969
2019-10-14,271.41876220703125
2019-10-15,274.10589599609375
2019-10-16,273.6656494140625
2019-10-17,274.4728088378906
2019-10-18,273.2712707519531
2019-10-21,275.1239013671875
2019-10-22,274.22509765625
2019-10-23,275.0229797363281
2019-10-24,275.4724426269531
2019-10-25,276.60052490234375
2019-10-28,278.1595153808594
2019-10-29,278.0769958496094
2019-10-30,278.929931640625
2019-10-31,278.18701171875
2019-11-01,280.7641296386719
2019-11-04,281.8921813964844
2019-11-05,281.5802917480469
2019-11-06,281.64459228515625
2019-11-07,282.6351013183594
2019-11-08,283.33209228515625
2019-11-11,282.791015625
2019-11-12,283.3870544433594
2019-11-13,283.4788513183594
2019-11-14,283.8914489746094
2019-11-15,285.94580078125
2019-11-18,286.15673828125
2019-11-19,286.0741882324219
2019-11-20,285.0103454589844
2019-11-21,284.55181884765625
2019-11-22,285.1845703125
2019-11-25,287.394775390625
2019-11-26,288.0459289550781
2019-11-27,289.3299865722656
2019-11-29,288.25689697265625
2019-12-02,285.808349609375
2019-12-03,283.8914489746094
2019-12-04,285.6431579589844
2019-12-05,286.15673828125
2019-12-06,288.7705078125
2019-12-09,287.862548828125
2019-12-10,287.54156494140625
2019-12-11,288.3577575683594
2019-12-12,290.84320068359375
2019-12-13,291.0174560546875
2019-12-16,293.0166931152344
2019-12-17,293.0808410644531
2019-12-18,293.0992126464844
2019-12-19,294.3006591796875
2019-12-20,295.5909423828125
2019-12-23,296.04248046875
2019-12-24,296.05169677734375
2019-12-26,297.6277160644531
2019-12-27,297.5540466308594
2019-12-30,295.9134826660156
2019-12-31,296.6324157714844
2020-01-02,299.40643310546875
2020-01-03,297.13922119140625
2020-01-06,298.2728576660156
2020-01-07,297.4341735839844
2020-01-08,299.0194091796875
2020-01-09,301.0469055175781
2020-01-10,300.1806335449219
2020-01-13,302.2449951171875
2020-01-14,301.78424072265625
2020-01-15,302.46624755859375
2020-01-16,304.9822692871094
2020-01-17,305.93145751953125
2020-01-21,305.3324279785156
2020-01-22,305.3692626953125
2020-01-23,305.7195129394531
2020-01-24,303.0008239746094
2020-01-27,298.1438903808594
2020-01-28,301.26812744140625
2020-01-29,301.0192565917969
2020-01-30,301.99615478515625
2020-01-31,296.5126037597656
2020-02-03,298.7152404785156
2020-02-04,303.2680358886719
2020-02-05,306.7702331542969
2020-02-06,307.8023681640625
2020-02-07,306.1619567871094
2020-02-10,308.4475402832031
2020-02-11,308.9820861816406
2020-02-12,310.9727783203125
2020-02-13,310.64093017578125
2020-02-14,311.1387023925781
2020-02-18,310.3368225097656
2020-02-19,311.8205871582031
2020-02-20,310.53955078125
2020-02-21,307.341552734375
2020-02-24,297.1484680175781
2020-02-25,288.1443176269531
2020-02-26,287.0844421386719
2020-02-27,274.1908874511719
2020-02-28,273.0389404296875
2020-03-02,284.86328125
2020-03-03,276.70697021484375
2020-03-04,288.3377990722656
2020-03-05,278.7529602050781
2020-03-06,274.144775390625
2020-03-09,252.7356414794922
2020-03-10,265.81341552734375
2020-03-11,252.8554229736328
2020-03-12,228.6629638671875
2020-03-13,248.21046447753906
2020-03-16,221.05038452148438
2020-03-17,232.98533630371094
2020-03-18,221.18861389160156
2020-03-19,221.65863037109375
2020-03-20,212.10643005371094
2020-03-23,206.6832275390625
2020-03-24,225.40940856933594
2020-03-25,228.78387451171875
2020-03-26,242.14251708984375
2020-03-27,234.93011474609375
2020-03-30,242.5596466064453
2020-03-31,238.9442138671875
2020-04-01,228.19053649902344
2020-04-02,233.45614624023438
2020-04-03,230.08172607421875
2020-04-06,245.53543090820312
2020-04-07,245.78579711914062
2020-04-08,254.03640747070312
2020-04-09,257.90216064453125
2020-04-13,255.54751586914062
2020-04-14,263.0842590332031
2020-04-15,257.4942932128906
2020-04-16,258.7364807128906
2020-04-17,265.7262878417969
2020-04-20,261.0447998046875
2020-04-21,253.11866760253906
2020-04-22,258.7364807128906
2020-04-23,258.71795654296875
2020-04-24,262.32415771484375
2020-04-27,266.10638427734375
2020-04-28,264.8827819824219
2020-04-29,271.8170166015625
2020-04-30,269.28619384765625
2020-05-01,262.1572265625
2020-05-04,262.88031005859375
2020-05-05,265.3092041015625
2020-05-06,263.5107421875
2020-05-07,266.6904296875
2020-05-08,271.1031799316406
2020-05-11,271.1588439941406
2020-05-12,265.7541809082031
2020-05-13,261.0540771484375
2020-05-14,264.1781921386719
2020-05-15,265.3926696777344
2020-05-18,273.4764099121094
2020-05-19,270.6674499511719
2020-05-20,275.26556396484375
2020-05-21,273.36517333984375
2020-05-22,273.88433837890625
2020-05-26,277.2586975097656
2020-05-27,281.3840637207031
2020-05-28,280.864990234375
2020-05-29,282.1163635253906
2020-06-01,283.25665283203125
2020-06-02,285.60205078125
2020-06-03,289.4028625488281
2020-06-04,288.6427917480469
2020-06-05,296.04058837890625
2020-06-08,299.618896484375
2020-06-09,297.3847351074219
2020-06-10,295.7253112792969
2020-06-11,278.6771240234375
2020-06-12,282.014404296875
2020-06-15,284.6471862792969
2020-06-16,290.1259460449219
2020-06-17,288.9208679199219
2020-06-18,289.0320739746094
2020-06-19,287.38037109375
2020-06-22,289.22393798828125
2020-06-23,290.5553894042969
2020-06-24,283.1437683105469
2020-06-25,286.1791687011719
2020-06-26,279.3820495605469
2020-06-29,283.48822021484375
2020-06-30,287.11956787109375
2020-07-01,289.1308288574219
2020-07-02,290.7230224609375
2020-07-06,295.21099853515625
2020-07-07,292.1662292480469
2020-07-08,294.40093994140625
2020-07-09,292.72491455078125
2020-07-10,295.7138366699219
2020-07-13,293.1532287597656
2020-07-14,296.9522399902344
2020-07-15,299.6802978515625
2020-07-16,298.69342041015625
2020-07-17,299.5592956542969
2020-07-20,301.9801940917969
2020-07-21,302.6226806640625
2020-07-22,304.3452453613281
2020-07-23,300.7138671875
2020-07-24,298.7771911621094
2020-07-27,300.9560546875
2020-07-28,299.0472717285156
2020-07-29,302.72515869140625
2020-07-30,301.64501953125
2020-07-31,304.0286865234375
2020-08-03,306.142333984375
2020-08-04,307.3248596191406
2020-08-05,309.2336120605469
2020-08-06,311.3006896972656
2020-08-07,311.5241394042969
2020-08-10,312.4552917480469
2020-08-11,309.87615966796875
2020-08-12,314.196533203125
2020-08-13,313.62847900390625
2020-08-14,313.6377868652344
2020-08-17,314.6341247558594
2020-08-18,315.3138427734375
2020-08-19,314.00103759765625
2020-08-20,314.97869873046875
2020-08-21,316.09600830078125
2020-08-24,319.2990417480469
2020-08-25,320.4164123535156
2020-08-26,323.62872314453125
2020-08-27,324.33636474609375
2020-08-28,326.4314270019531
2020-08-31,325.2488708496094
2020-09-01,328.312255859375
2020-09-02,333.0610046386719
2020-09-03,321.598876953125
2020-09-04,318.9731140136719
2020-09-08,310.2578125
2020-09-09,316.3847351074219
2020-09-10,310.89105224609375
2020-09-11,311.0493469238281
2020-09-14,315.14630126953125
2020-09-15,316.738525390625
2020-09-16,315.4815368652344
2020-09-17,312.7066345214844
2020-09-18,309.10662841796875
2020-09-21,305.6663818359375
2020-09-22,308.7793884277344
2020-09-23,301.6184997558594
2020-09-24,302.42254638671875
2020-09-25,307.311767578125
2020-09-28,312.4160461425781
2020-09-29,310.71453857421875
2020-09-30,313.0704040527344
2020-10-01,315.08026123046875
2020-10-02,312.0887756347656
2020-10-05,317.6230773925781
2020-10-06,313.1077575683594
2020-10-07,318.5578918457031
2020-10-08,321.3810729980469
2020-10-09,324.2510986328125
2020-10-12,329.4675598144531
2020-10-13,327.31744384765625
2020-10-14,325.2607421875
2020-10-15,324.8587341308594
2020-10-16,324.6625061035156
2020-10-19,319.7265319824219
2020-10-20,321.0072021484375
2020-10-21,320.3995666503906
2020-10-22,322.1571044921875
2020-10-23,323.25079345703125
2020-10-26,317.27716064453125
2020-10-27,316.18341064453125
2020-10-28,305.3766174316406
2020-10-29,308.48028564453125
2020-10-30,305.264404296875
2020-11-02,308.6860046386719
2020-11-03,314.1360778808594
2020-11-04,321.15679931640625
2020-11-05,327.42022705078125
2020-11-06,327.3455505371094
2020-11-09,331.45880126953125
2020-11-10,330.9726257324219
2020-11-11,333.4312744140625
2020-11-12,330.1968078613281
2020-11-13,334.76812744140625
2020-11-16,338.9468688964844
2020-11-17,337.1239013671875
2020-11-18,333.0667724609375
2020-11-19,334.468994140625
2020-11-20,332.17864990234375
2020-11-23,334.1698303222656
2020-11-24,339.5545349121094
2020-11-25,339.0310974121094
2020-11-27,339.9752197265625
2020-11-30,338.4701232910156
2020-12-01,342.1720886230469
2020-12-02,342.89190673828125
2020-12-03,342.79852294921875
2020-12-04,345.75262451171875
2020-12-07,345.04205322265625
2020-12-08,346.05169677734375
2020-12-09,342.9480285644531
2020-12-10,342.8358154296875
2020-12-11,342.43389892578125
2020-12-14,340.9007263183594
2020-12-15,345.5095520019531
2020-12-16,346.05169677734375
2020-12-17,347.98687744140625
2020-12-18,346.59735107421875
2020-12-21,345.3580627441406
2020-12-22,344.7760314941406
2020-12-23,345.0858154296875
2020-12-24,346.42840576171875
2020-12-28,349.4045104980469
2020-12-29,348.73785400390625
2020-12-30,349.2355041503906
2020-12-31,351.00994873046875
2021-01-04,346.2312316894531
2021-01-05,348.61578369140625
2021-01-06,350.7000427246094
2021-01-07,355.9106140136719
2021-01-08,357.9384765625
2021-01-11,355.5256042480469
2021-01-12,355.6007385253906
2021-01-13,356.5584411621094
2021-01-14,355.30975341796875
2021-01-15,352.71856689453125
2021-01-19,355.48809814453125
2021-01-20,360.4075927734375
2021-01-21,360.73614501953125
2021-01-22,359.4593811035156
2021-01-25,360.8769836425781
2021-01-26,360.31378173828125
2021-01-27,351.5074462890625
2021-01-28,354.530517578125
2021-01-29,347.4329833984375
2021-02-01,353.21612548828125
2021-02-02,358.2107849121094
2021-02-03,358.4923400878906
2021-02-04,362.5668640136719
2021-02-05,363.993896484375
2021-02-08,366.6225891113281
2021-02-09,366.3784484863281
2021-02-10,366.2189636230469
2021-02-11,366.8103942871094
2021-02-12,368.622314453125
2021-02-16,368.3031005859375
2021-02-17,368.3876647949219
2021-02-18,366.81976318359375
2021-02-19,366.1719665527344
2021-02-22,363.35552978515625
2021-02-23,363.7967834472656
2021-02-24,367.8055114746094
2021-02-25,358.94305419921875
2021-02-26,357.0934753417969
2021-03-01,365.74951171875
2021-03-02,362.8954162597656
2021-03-03,358.08868408203125
2021-03-04,353.6573486328125
2021-03-05,360.1634826660156
2021-03-08,358.370361328125
2021-03-09,363.48687744140625
2021-03-10,365.74951171875
2021-03-11,369.4579772949219
2021-03-12,369.9554748535156
2021-03-15,372.1617126464844
2021-03-16,371.69232177734375
2021-03-17,372.95965576171875
2021-03-18,367.5332946777344
2021-03-19,366.853271484375
2021-03-22,369.7825012207031
2021-03-23,366.8720703125
2021-03-24,365.007080078125
2021-03-25,367.060546875
2021-03-26,372.9756164550781
2021-03-29,372.7872619628906
2021-03-30,371.79827880859375
2021-03-31,373.30517578125
2021-04-01,377.3365783691406
2021-04-05,382.75250244140625
2021-04-06,382.5265808105469
2021-04-07,382.96917724609375
2021-04-08,384.78717041015625
2021-04-09,387.58447265625
2021-04-12,387.72576904296875
2021-04-13,388.875
2021-04-14,387.5469055175781
2021-04-15,391.7101135253906
2021-04-16,393.0194091796875
2021-04-19,391.08843994140625
2021-04-20,388.2250671386719
2021-04-21,391.8984680175781
2021-04-22,388.3192443847656
2021-04-23,392.5295104980469
2021-04-26,393.3490295410156
2021-04-27,393.26422119140625
2021-04-28,393.1512451171875
2021-04-29,395.6567077636719
2021-04-30,393.0569763183594
2021-05-03,393.9048156738281
2021-05-04,391.4746398925781
2021-05-05,391.5970153808594
2021-05-06,394.72418212890625
2021-05-07,397.5969543457031
2021-05-10,393.65985107421875
2021-05-11,390.1465148925781
2021-05-12,381.8577880859375
2021-05-13,386.4448547363281
2021-05-14,392.3788757324219
2021-05-17,391.38043212890625
2021-05-18,388.0084228515625
2021-05-19,386.99114990234375
2021-05-20,391.1543884277344
2021-05-21,390.8341979980469
2021-05-24,394.8184509277344
2021-05-25,393.9424133300781
2021-05-26,394.72418212890625
2021-05-27,394.9314880371094
2021-05-28,395.6378173828125
2021-06-01,395.2894287109375
2021-06-02,395.9110107421875
2021-06-03,394.4416198730469
2021-06-04,398.04913330078125
2021-06-07,397.6628723144531
2021-06-08,397.7476806640625
2021-06-09,397.1543273925781
2021-06-10,399.00042724609375
2021-06-11,399.6598815917969
2021-06-14,400.55462646484375
2021-06-15,399.8199768066406
2021-06-16,397.58758544921875
2021-06-17,397.4557800292969
2021-06-18,392.09393310546875
2021-06-21,397.70709228515625
2021-06-22,399.8332824707031
2021-06-23,399.3514709472656
2021-06-24,401.71380615234375
2021-06-25,403.1407470703125
2021-06-28,403.9534912109375
2021-06-29,404.1707763671875
2021-06-30,404.510986328125
2021-07-01,406.75054931640625
2021-07-02,409.85968017578125
2021-07-06,409.1131286621094
2021-07-07,410.5589294433594
2021-07-08,407.2136535644531
2021-07-09,411.5606384277344
2021-07-12,413.03472900390625
2021-07-13,411.6268005371094
2021-07-14,412.24102783203125
2021-07-15,410.8329772949219
2021-07-16,407.6104736328125
2021-07-19,401.5910339355469
2021-07-20,407.3459777832031
2021-07-21,410.6439514160156
2021-07-22,411.50390625
2021-07-23,415.7373962402344
2021-07-26,416.758056640625
2021-07-27,414.858642578125
2021-07-28,414.6885681152344
2021-07-29,416.40838623046875
2021-07-30,414.3861083984375
2021-08-02,413.5167236328125
2021-08-03,416.880859375
2021-08-04,414.83026123046875
2021-08-05,417.45733642578125
2021-08-06,418.14715576171875
2021-08-09,417.80694580078125
2021-08-10,418.32672119140625
2021-08-11,419.3662414550781
2021-08-12,420.62298583984375
2021-08-13,421.38848876953125
2021-08-16,422.3807067871094
2021-08-17,419.6119079589844
2021-08-18,415.019287109375
2021-08-19,415.6618957519531
2021-08-20,418.9692687988281
2021-08-23,422.6547546386719
2021-08-24,423.32568359375
2021-08-25,424.2140197753906
2021-08-26,421.709716796875
2021-08-27,425.4802551269531
2021-08-30,427.35137939453125
2021-08-31,426.7181701660156
2021-09-01,426.9449157714844
2021-09-02,428.258544921875
2021-09-03,428.1545715332031
2021-09-07,426.6236877441406
2021-09-08,426.1039123535156
2021-09-09,424.2801513671875
2021-09-10,420.9349365234375
2021-09-13,422.0122375488281
2021-09-14,419.7347717285156
2021-09-15,423.24066162109375
2021-09-16,422.5697021484375
2021-09-17,418.4534606933594
2021-09-20,411.4760437011719
2021-09-21,411.08734130859375
2021-09-22,415.0974426269531
2021-09-23,420.14093017578125
2021-09-24,420.8329772949219
2021-09-27,419.6289978027344
2021-09-28,411.17266845703125
2021-09-29,411.8647766113281
2021-09-30,406.830810546875
2021-10-01,411.6656799316406
2021-10-04,406.3568115234375
2021-10-05,410.5849609375
2021-10-06,412.2913513183594
2021-10-07,415.85595703125
2021-10-08,415.0974426269531
2021-10-11,412.09222412109375
2021-10-12,411.0779113769531
2021-10-13,412.5567321777344
2021-10-14,419.4962158203125
2021-10-15,422.6910705566406
2021-10-18,423.9424743652344
2021-10-19,427.2131042480469
2021-10-20,428.8910827636719
2021-10-21,430.00970458984375
2021-10-22,429.56414794921875
2021-10-25,431.86773681640625
2021-10-26,432.25653076171875
2021-10-27,430.34161376953125
2021-10-28,434.49383544921875
2021-10-29,435.3755798339844
2021-11-01,436.12445068359375
2021-11-02,437.88775634765625
2021-11-03,440.5611572265625
2021-11-04,442.63726806640625
2021-11-05,444.1730651855469
2021-11-08,444.5522766113281
2021-11-09,443.08282470703125
2021-11-10,439.518310546875
2021-11-11,439.6605529785156
2021-11-12,442.97857666015625
2021-11-15,443.1302185058594
2021-11-16,444.8841247558594
2021-11-17,443.8033752441406
2021-11-18,445.3106994628906
2021-11-19,444.5143737792969
2021-11-22,443.26300048828125
2021-11-23,443.8506774902344
2021-11-24,445.0357666015625
2021-11-26,435.11004638671875
2021-11-29,440.4473571777344
2021-11-30,431.8772888183594
2021-12-01,427.0803527832031
2021-12-02,433.6217041015625
2021-12-03,429.8486328125
2021-12-06,434.9393310546875
2021-12-07,443.9360046386719
2021-12-08,445.1116027832031
2021-12-09,442.10638427734375
2021-12-10,446.26812744140625
2021-12-13,442.31494140625
2021-12-14,439.2718505859375
2021-12-15,446.13543701171875
2021-12-16,442.2012023925781
2021-12-17,437.4948425292969
2021-12-20,432.8428649902344
2021-12-21,440.5296630859375
2021-12-22,444.9344482421875
2021-12-23,447.70281982421875
2021-12-27,454.0387878417969
2021-12-28,453.66778564453125
2021-12-29,454.24810791015625
2021-12-30,452.9923095703125
2021-12-31,451.8506774902344
2022-01-03,454.46685791015625
2022-01-04,454.3146667480469
2022-01-05,445.5908508300781
2022-01-06,445.1723327636719
2022-01-07,443.4122619628906
2022-01-10,442.8604736328125
2022-01-11,446.8941955566406
2022-01-12,448.10235595703125
2022-01-13,441.92816162109375
2022-01-14,442.1089172363281
2022-01-18,434.279296875
2022-01-19,429.7700500488281
2022-01-20,425.0132141113281
2022-01-21,416.6699523925781
2022-01-24,418.4394836425781
2022-01-25,413.3307800292969
2022-01-26,412.2938232421875
2022-01-27,410.2579040527344
2022-01-28,420.44677734375
2022-01-31,428.0195617675781
2022-02-01,430.9115905761719
2022-02-02,435.0975646972656
2022-02-03,424.87060546875
2022-02-04,426.868408203125
2022-02-07,425.4984130859375
2022-02-08,428.9992980957031
2022-02-09,435.2782897949219
2022-02-10,427.458251953125
2022-02-11,419.029296875
2022-02-14,417.65936279296875
2022-02-15,424.39495849609375
2022-02-16,424.87060546875
2022-02-17,415.794677734375
2022-02-18,413.1024475097656
2022-02-22,408.6691589355469
2022-02-23,401.41986083984375
2022-02-24,407.4609375
2022-02-25,416.4511413574219
2022-02-28,415.3856201171875
2022-03-01,409.05914306640625
2022-03-02,416.5843811035156
2022-03-03,414.5104064941406
2022-03-04,411.1426086425781
2022-03-07,399.0225524902344
2022-03-08,395.9971923828125
2022-03-09,406.6142578125
2022-03-10,404.7781677246094
2022-03-11,399.63134765625
2022-03-14,396.71075439453125
2022-03-15,405.43463134765625
2022-03-16,414.4247131347656
2022-03-17,419.6095886230469
2022-03-18,424.20550537109375
2022-03-21,424.08148193359375
2022-03-22,429.04388427734375
2022-03-23,423.5184020996094
2022-03-24,429.9026794433594
2022-03-25,432.0021667480469
2022-03-28,435.07501220703125
2022-03-29,440.45721435546875
2022-03-30,437.737548828125
2022-03-31,431.0001220703125
2022-04-01,432.2216491699219
2022-04-04,435.92425537109375
2022-04-05,430.4180603027344
2022-04-06,426.11407470703125
2022-04-07,428.26129150390625
2022-04-08,427.1160888671875
2022-04-11,419.8157958984375
2022-04-12,418.2602844238281
2022-04-13,423.05078125
2022-04-14,417.7831115722656
2022-04-18,417.954833984375
2022-04-19,424.7017517089844
2022-04-20,424.3869323730469
2022-04-21,418.04071044921875
2022-04-22,406.5700378417969
2022-04-25,408.92718505859375
2022-04-26,397.0843505859375
2022-04-27,398.2008056640625
2022-04-28,408.2591552734375
2022-04-29,393.17169189453125
2022-05-02,395.538330078125
2022-05-03,397.3515319824219
2022-05-04,409.4520263671875
2022-05-05,394.8989562988281
2022-05-06,392.5418395996094
2022-05-09,379.9737548828125
2022-05-10,380.8516845703125
2022-05-11,374.8014221191406
2022-05-12,374.4101867675781
2022-05-13,383.3614501953125
2022-05-16,381.80596923828125
2022-05-17,389.65985107421875
2022-05-18,373.95208740234375
2022-05-19,371.6617431640625
2022-05-20,371.8240051269531
2022-05-23,378.7808532714844
2022-05-24,375.8893737792969
2022-05-25,379.2102966308594
2022-05-26,386.78741455078125
2022-05-27,396.28271484375
2022-05-31,394.0591125488281
2022-06-01,390.871826171875
2022-06-02,398.3153991699219
2022-06-03,391.7784118652344
2022-06-06,392.9713134765625
2022-06-07,396.7407531738281
2022-06-08,392.4273376464844
2022-06-09,383.0942687988281
2022-06-10,371.9862365722656
2022-06-13,357.8625793457031
2022-06-14,356.7842102050781
2022-06-15,361.87066650390625
2022-06-16,349.8941955566406
2022-06-17,350.6484069824219
2022-06-21,359.4755859375
2022-06-22,358.8238220214844
2022-06-23,362.34124755859375
2022-06-24,373.8614501953125
2022-06-27,372.4333801269531
2022-06-28,364.8235168457031
2022-06-29,364.5263977050781
2022-06-30,361.5648498535156
2022-07-01,365.38897705078125
2022-07-05,366.07904052734375
2022-07-06,367.3154296875
2022-07-07,372.8167724609375
2022-07-08,372.5101013183594
2022-07-11,368.2546691894531
2022-07-12,364.9960021972656
2022-07-13,363.07916259765625
2022-07-14,362.197509765625
2022-07-15,369.1172790527344
2022-07-18,366.0694580078125
2022-07-19,375.96038818359375
2022-07-20,378.3564453125
2022-07-21,382.20928955078125
2022-07-22,378.66314697265625
2022-07-25,379.1231384277344
2022-07-26,374.6377868652344
2022-07-27,384.36578369140625
2022-07-28,389.1866455078125
2022-07-29,394.8604736328125
2022-08-01,393.69122314453125
2022-08-02,391.0939636230469
2022-08-03,397.2182922363281
2022-08-04,396.9498291015625
2022-08-05,396.27899169921875
2022-08-08,395.8188781738281
2022-08-09,394.2471008300781
2022-08-10,402.5278625488281
2022-08-11,402.5278625488281
2022-08-12,409.3422546386719
2022-08-15,411.02911376953125
2022-08-16,411.8341979980469
2022-08-17,408.91094970703125
2022-08-18,410.0994567871094
2022-08-19,404.5885009765625
2022-08-22,396.1639404296875
2022-08-23,395.20550537109375
2022-08-24,396.47064208984375
2022-08-25,402.06781005859375
2022-08-26,388.4582214355469
2022-08-29,385.8896789550781
2022-08-30,381.6534118652344
2022-08-31,378.74945068359375
2022-09-01,379.9378662109375
2022-09-02,375.9316711425781
2022-09-06,374.51312255859375
2022-09-07,381.24127197265625
2022-09-08,383.7331848144531
2022-09-09,389.694580078125
2022-09-12,393.8829345703125
2022-09-13,376.75592041015625
2022-09-14,378.19354248046875
2022-09-15,373.8998107910156
2022-09-16,371.0473327636719
2022-09-19,373.9247741699219
2022-09-20,369.6326904296875
2022-09-21,363.1849060058594
2022-09-22,360.1341857910156
2022-09-23,354.1002197265625
2022-09-26,350.5971984863281
2022-09-27,349.70220947265625
2022-09-28,356.5830993652344
2022-09-29,349.1344299316406
2022-09-30,343.735595703125
2022-10-03,352.81060791015625
2022-10-04,363.7430419921875
2022-10-05,362.8961486816406
2022-10-06,359.1526184082031
2022-10-07,349.1344299316406
2022-10-10,346.4686584472656
2022-10-11,344.2745361328125
2022-10-12,343.138916015625
2022-10-13,352.1947021484375
2022-10-14,344.1686706542969
2022-10-17,353.0127258300781
2022-10-18,357.1604919433594
2022-10-19,354.6295166015625
2022-10-20,351.65576171875
2022-10-21,360.2015686035156
2022-10-24,364.60919189453125
2022-10-25,370.43145751953125
2022-10-26,367.6405944824219
2022-10-27,365.67742919921875
2022-10-28,374.3770751953125
2022-10-31,371.6728515625
2022-11-01,370.04644775390625
2022-11-02,360.75970458984375
2022-11-03,357.04498291015625
2022-11-04,362.1839904785156
2022-11-07,365.6485595703125
2022-11-08,367.6213073730469
2022-11-09,360.047607421875
2022-11-10,379.8337097167969
2022-11-11,383.5098876953125
2022-11-14,380.2475280761719
2022-11-15,383.4906311035156
2022-11-16,380.5650939941406
2022-11-17,379.4006042480469
2022-11-18,381.12322998046875
2022-11-21,379.7374572753906
2022-11-22,384.8475341796875
2022-11-23,387.272705078125
2022-11-25,387.1861267089844
2022-11-28,381.0077819824219
2022-11-29,380.3533630371094
2022-11-30,392.3347473144531
2022-12-01,392.0460510253906
2022-12-02,391.59368896484375
2022-12-05,384.5492248535156
2022-12-06,379.0060119628906
2022-12-07,378.36126708984375
2022-12-08,381.3253173828125
2022-12-09,378.47674560546875
2022-12-12,383.9333190917969
2022-12-13,386.8396911621094
2022-12-14,384.366455078125
2022-12-15,374.9641418457031
2022-12-16,370.5372314453125
2022-12-19,367.395263671875
2022-12-20,367.89794921875
2022-12-21,373.3988952636719
2022-12-22,368.0719299316406
2022-12-23,370.18927001953125
2022-12-27,368.7294006347656
2022-12-28,364.1468811035156
2022-12-29,370.70159912109375
2022-12-30,369.72515869140625
2023-01-03,368.168701171875
2023-01-04,371.0110168457031
2023-01-05,366.7765197753906
2023-01-06,375.1874694824219
2023-01-09,374.97479248046875
2023-01-10,377.6043701171875
2023-01-11,382.3802490234375
2023-01-12,383.7724609375
2023-01-13,385.2613220214844
2023-01-17,384.5555114746094
2023-01-18,378.4841613769531
2023-01-19,375.7288818359375
2023-01-20,382.72833251953125
2023-01-23,387.3205871582031
2023-01-24,386.90484619140625
2023-01-25,387.0498352050781
2023-01-26,391.3036804199219
2023-01-27,392.2027893066406
2023-01-30,387.2818603515625
2023-01-31,392.9761657714844
2023-02-01,397.15264892578125
2023-02-02,402.9339904785156
2023-02-03,398.6512145996094
2023-02-06,396.2149353027344
2023-02-07,401.3968505859375
2023-02-08,397.00762939453125
2023-02-09,393.5659484863281
2023-02-10,394.4844055175781
2023-02-13,399.11529541015625
2023-02-14,398.9315490722656
2023-02-15,400.2270812988281
2023-02-16,394.71636962890625
2023-02-17,393.73028564453125
2023-02-21,385.83172607421875
2023-02-22,385.2999267578125
2023-02-23,387.34954833984375
2023-02-24,383.2117614746094
2023-02-27,384.5169372558594
2023-02-28,383.0957336425781
2023-03-01,381.6261901855469
2023-03-02,384.5942687988281
2023-03-03,390.7622985839844
2023-03-06,391.0329895019531
2023-03-07,385.0389099121094
2023-03-08,385.6673889160156
2023-03-09,378.5518798828125
2023-03-10,373.0895690917969
2023-03-13,372.5578308105469
2023-03-14,378.7162170410156
2023-03-15,376.3476257324219
2023-03-16,382.95068359375
2023-03-17,378.47296142578125
2023-03-20,382.11224365234375
2023-03-21,387.12957763671875
2023-03-22,380.5303955078125
2023-03-23,381.55908203125
2023-03-24,384.0628662109375
2023-03-27,384.781005859375
2023-03-28,383.9173278808594
2023-03-29,389.49749755859375
2023-03-30,391.77813720703125
2023-03-31,397.3000793457031
2023-04-03,398.8139953613281
2023-04-04,396.60137939453125
2023-04-05,395.5629577636719
2023-04-06,397.1059875488281
2023-04-10,397.51361083984375
2023-04-11,397.620361328125
2023-04-12,395.9996337890625
2023-04-13,401.2596130371094
2023-04-14,400.27935791015625
2023-04-17,401.7156982421875
2023-04-18,401.9776916503906
2023-04-19,401.9098205566406
2023-04-20,399.716552734375
2023-04-21,400.027099609375
2023-04-24,400.4444274902344
2023-04-25,394.08782958984375
2023-04-26,392.4186096191406
2023-04-27,400.2308654785156
2023-04-28,403.64691162109375
2023-05-01,403.2393493652344
2023-05-02,398.70721435546875
2023-05-03,395.9704895019531
2023-05-04,393.1658935546875
2023-05-05,400.4444274902344
2023-05-08,400.5511474609375
2023-05-09,398.7945861816406
2023-05-10,400.6579284667969
2023-05-11,399.95916748046875
2023-05-12,399.4351501464844
2023-05-15,400.81317138671875
2023-05-16,398.1346435546875
2023-05-17,402.96759033203125
2023-05-18,406.8494873046875
2023-05-19,406.25750732421875
2023-05-22,406.4224548339844
2023-05-23,401.86126708984375
2023-05-24,398.9498596191406
2023-05-25,402.40472412109375
2023-05-26,407.6161804199219
2023-05-30,407.7713928222656
2023-05-31,405.51025390625
2023-06-01,409.36297607421875
2023-06-02,415.2828674316406
2023-06-05,414.4870910644531
2023-06-06,415.3896179199219
2023-06-07,413.9532775878906
2023-06-08,416.4571533203125
2023-06-09,417.20440673828125
2023-06-12,420.9892272949219
2023-06-13,423.76470947265625
2023-06-14,424.2693786621094
2023-06-15,429.52935791015625
2023-06-16,428.0662841796875
2023-06-20,425.8453674316406
2023-06-21,423.6634216308594
2023-06-22,425.1927490234375
2023-06-23,421.9783020019531
2023-06-26,420.25421142578125
2023-06-27,424.8615417480469
2023-06-28,425.0758972167969
2023-06-29,426.7512512207031
2023-06-30,431.7872009277344
2023-07-03,432.28399658203125
2023-07-05,431.64111328125
2023-07-06,428.2611083984375
2023-07-07,427.1798400878906
2023-07-10,428.2611083984375
2023-07-11,430.98846435546875
2023-07-12,434.4561462402344
2023-07-13,437.9044494628906
2023-07-14,437.6316833496094
2023-07-17,439.15118408203125
2023-07-18,442.41436767578125
2023-07-19,443.3981628417969
2023-07-20,440.4564514160156
2023-07-21,440.4564514160156
2023-07-24,442.42413330078125
2023-07-25,443.6319274902344
2023-07-26,443.7001647949219
2023-07-27,440.7584228515625
2023-07-28,445.0736083984375
2023-07-31,445.9209899902344
2023-08-01,444.6449890136719
2023-08-02,438.45965576171875
2023-08-03,437.2030944824219
2023-08-04,435.2256774902344
2023-08-07,439.0245666503906
2023-08-08,437.1153869628906
2023-08-09,434.19317626953125
2023-08-10,434.3490295410156
2023-08-11,434.0957946777344
2023-08-14,436.4920349121094
2023-08-15,431.4073486328125
2023-08-16,428.2415771484375
2023-08-17,424.97845458984375
2023-08-18,425.1829833984375
2023-08-21,427.9493713378906
2023-08-22,426.7902526855469
2023-08-23,431.5436706542969
2023-08-24,425.5628967285156
2023-08-25,428.56298828125
2023-08-28,431.28070068359375
2023-08-29,437.5148010253906
2023-08-30,439.3168029785156
2023-08-31,438.6739501953125
2023-09-01,439.49212646484375
2023-09-05,437.59271240234375
2023-09-06,434.6510314941406
2023-09-07,433.3165588378906
2023-09-08,433.9691162109375
2023-09-11,436.82318115234375
2023-09-12,434.42694091796875
2023-09-13,434.9334411621094
2023-09-14,438.68365478515625
2023-09-15,433.39825439453125
2023-09-18,433.6524353027344
2023-09-19,432.7530822753906
2023-09-20,428.7746276855469
2023-09-21,421.6877136230469
2023-09-22,420.739501953125
2023-09-25,422.5088195800781
2023-09-26,416.3016662597656
2023-09-27,416.4678039550781
2023-09-28,418.88226318359375
2023-09-29,417.8656311035156
2023-10-02,417.699462890625
2023-10-03,412.108154296875
2023-10-04,415.1091003417969
2023-10-05,414.95269775390625
2023-10-06,419.87933349609375
2023-10-09,422.5674743652344
2023-10-10,424.7668762207031
2023-10-11,426.5068359375
2023-10-12,423.90667724609375
2023-10-13,421.79522705078125
2023-10-16,426.2331237792969
2023-10-17,426.21356201171875
2023-10-18,420.53424072265625
2023-10-19,416.8392333984375
2023-10-20,411.71710205078125
2023-10-23,411.0035400390625
2023-10-24,414.10223388671875
2023-10-25,408.1589660644531
2023-10-26,403.27142333984375
2023-10-27,401.4434509277344
2023-10-30,406.2430725097656
2023-10-31,408.7943420410156
2023-11-01,413.1540222167969
2023-11-02,421.0718688964844
2023-11-03,424.9134826660156
2023-11-06,425.8909912109375
2023-11-07,427.1031188964844
2023-11-08,427.41595458984375
2023-11-09,424.0826416015625
2023-11-10,430.7003173828125
2023-11-13,430.289794921875
2023-11-14,438.6377258300781
2023-11-15,439.5663757324219
2023-11-16,440.1039733886719
2023-11-17,440.6513366699219
2023-11-20,444.0433654785156
2023-11-21,443.0755920410156
2023-11-22,444.78619384765625
2023-11-24,445.0599060058594
2023-11-27,444.2584228515625
2023-11-28,444.6982421875
2023-11-29,444.385498046875
2023-11-30,446.1352233886719
2023-12-01,448.7745361328125
2023-12-04,446.418701171875
2023-12-05,446.33074951171875
2023-12-06,444.5320739746094
2023-12-07,447.924072265625
2023-12-08,449.8497314453125
2023-12-11,451.5994873046875
2023-12-12,453.66204833984375
2023-12-13,459.9181213378906
2023-12-14,461.3941345214844
2023-12-15,460.63446044921875
2023-12-18,463.2255554199219
2023-12-19,466.0423583984375
2023-12-20,459.58428955078125
2023-12-21,463.9420166015625
2023-12-22,464.87445068359375
2023-12-26,466.83734130859375
2023-12-27,467.6814270019531
2023-12-28,467.85809326171875
2023-12-29,466.503662109375
2024-01-02,463.8929443359375
2024-01-03,460.1044616699219
2024-01-04,458.6224365234375
2024-01-05,459.2506103515625
2024-01-08,465.8068542480469
2024-01-09,465.1002197265625
2024-01-10,467.7304992675781
2024-01-11,467.5244445800781
2024-01-12,467.8482666015625
2024-01-16,466.13067626953125
2024-01-17,463.5396423339844
2024-01-18,467.6617736816406
2024-01-19,473.49176025390625
2024-01-22,474.49285888671875
2024-01-23,475.8767395019531
2024-01-24,476.3969421386719
2024-01-25,478.98797607421875
2024-01-26,478.3794860839844
2024-01-29,482.1679382324219
2024-01-30,481.7950439453125
2024-01-31,473.93341064453125
2024-02-01,480.1363525390625
2024-02-02,485.1909484863281
2024-02-05,483.42425537109375
2024-02-06,484.8277587890625
2024-02-07,488.8714599609375
2024-02-08,489.08734130859375
2024-02-09,491.91400146484375
2024-02-12,491.6980895996094
2024-02-13,484.9259033203125
2024-02-14,489.3327331542969
2024-02-15,492.708984375
2024-02-16,490.2553405761719
2024-02-20,487.5562438964844
2024-02-21,487.9978942871094
2024-02-22,498.0972595214844
2024-02-23,498.44073486328125
2024-02-26,496.615234375
2024-02-27,497.5378723144531
2024-02-28,496.8802185058594
2024-02-29,498.6664733886719
2024-03-01,503.34814453125
2024-03-04,502.8083190917969
2024-03-05,497.7831726074219
2024-03-06,500.3055419921875
2024-03-07,505.2718505859375
2024-03-08,502.23907470703125
2024-03-11,501.80718994140625
2024-03-12,507.20538330078125
2024-03-13,506.4103088378906
2024-03-14,505.4093017578125
2024-03-15,501.93878173828125
2024-03-18,504.92193603515625
2024-03-19,507.72784423828125
2024-03-20,512.4239501953125
2024-03-21,514.1173706054688
2024-03-22,513.1426391601562
2024-03-25,511.7249755859375
2024-03-26,510.77978515625
2024-03-27,515.0723266601562
2024-03-28,514.973876953125
2024-04-01,514.0779418945312
2024-04-02,510.8094177246094
2024-04-03,511.3705139160156
2024-04-04,505.128662109375
2024-04-05,510.4056701660156
2024-04-08,510.6911926269531
2024-04-09,511.2818908691406
2024-04-10,506.1623840332031
2024-04-11,509.9823913574219
2024-04-12,502.9430236816406
2024-04-15,496.6421203613281
2024-04-16,495.736328125
2024-04-17,492.8023986816406
2024-04-18,491.7884216308594
2024-04-19,487.4958801269531
2024-04-22,491.98529052734375
2024-04-23,497.8235168457031
2024-04-24,497.5872497558594
2024-04-25,495.6969299316406
2024-04-26,500.39312744140625
2024-04-29,502.1652526855469
2024-04-30,494.2103576660156
2024-05-01,492.60552978515625
2024-05-02,497.21307373046875
2024-05-03,503.376220703125
2024-05-06,508.5744934082031
2024-05-07,509.13568115234375
2024-05-08,509.18487548828125
2024-05-09,512.1187133789062
2024-05-10,512.7784423828125
2024-05-13,512.8472900390625
2024-05-14,515.2002563476562
2024-05-15,521.580078125
2024-05-16,520.5068359375
2024-05-17,521.255126953125
2024-05-20,521.855712890625
2024-05-21,523.1356201171875
2024-05-22,521.6292724609375
2024-05-23,517.8191528320312
2024-05-24,521.2453002929688
2024-05-28,521.6095581054688
2024-05-29,517.9569702148438
2024-05-30,514.5209350585938
2024-05-31,519.2073364257812
2024-06-03,519.6306762695312
2024-06-04,520.2114868164062
2024-06-05,526.394287109375
2024-06-06,526.3844604492188
2024-06-07,525.7445678710938
2024-06-10,527.3689575195312
2024-06-11,528.6390380859375
2024-06-12,532.9808349609375
2024-06-13,534.053955078125
2024-06-14,534.3788452148438
2024-06-17,538.6318969726562
2024-06-18,540.0003662109375
2024-06-20,538.5335083007812
2024-06-21,537.8114624023438
2024-06-24,536.063232421875
2024-06-25,538.1276245117188
2024-06-26,538.7991943359375
2024-06-27,539.6486206054688
2024-06-28,537.5250244140625
2024-07-01,538.6312866210938
2024-07-02,542.256103515625
2024-07-03,544.676025390625
2024-07-05,547.81689453125
2024-07-08,548.4490356445312
2024-07-09,548.9822998046875
2024-07-10,554.4147338867188
2024-07-11,549.6342163085938
2024-07-12,553.1010131835938
2024-07-15,554.6221313476562
2024-07-16,557.9110717773438
2024-07-17,550.0885009765625
2024-07-18,545.8612060546875
2024-07-19,542.236328125
2024-07-22,547.8267822265625
2024-07-23,546.9674682617188
2024-07-24,534.57177734375
2024-07-25,531.7864990234375
2024-07-26,537.7423095703125
2024-07-29,538.0584106445312
2024-07-30,535.3323364257812
2024-07-31,544.0339965820312
2024-08-01,536.3299560546875
2024-08-02,526.3442993164062
2024-08-05,511.01519775390625
2024-08-06,515.7265625
2024-08-07,512.2794799804688
2024-08-08,524.1219482421875
2024-08-09,526.4332275390625
2024-08-12,526.7098388671875
2024-08-13,535.371826171875
2024-08-14,537.0609130859375
2024-08-15,546.2661743164062
2024-08-16,547.490966796875
2024-08-19,552.7257080078125
2024-08-20,551.8269653320312
2024-08-21,553.7233276367188
2024-08-22,549.37744140625
2024-08-23,555.2147216796875
2024-08-26,553.8912353515625
2024-08-27,554.6517944335938
2024-08-28,551.4318237304688
2024-08-29,551.481201171875
2024-08-30,556.74560546875
2024-09-03,545.288330078125
2024-09-04,544.1723022460938
2024-09-05,542.8486938476562
2024-09-06,533.7125854492188
2024-09-09,539.6881103515625
2024-09-10,542.038818359375
2024-09-11,547.5995483398438
2024-09-12,552.2120971679688
2024-09-13,555.09619140625
2024-09-16,555.9159545898438
2024-09-17,556.1431884765625
2024-09-18,554.4937744140625
2024-09-19,563.9558715820312
2024-09-20,562.9810180664062
2024-09-23,564.3877563476562
2024-09-24,566.002685546875
2024-09-25,564.75439453125
2024-09-26,566.993408203125
2024-09-27,566.171142578125
2024-09-30,568.43994140625
2024-10-01,563.3475341796875
2024-10-02,563.5852661132812
2024-10-03,562.5549926757812
2024-10-04,567.6671142578125
2024-10-07,562.5350952148438
2024-10-08,567.8553466796875
2024-10-09,571.78857421875
2024-10-10,570.7879028320312
2024-10-11,574.2059326171875
2024-10-14,578.9019775390625
2024-10-15,574.4041137695312
2024-10-16,576.9006958007812
2024-10-17,576.9501953125
2024-10-18,579.1694946289062
2024-10-21,578.2183227539062
2024-10-22,577.9111938476562
2024-10-23,572.630615234375
2024-10-24,573.8690795898438
2024-10-25,573.6708984375
2024-10-28,575.4443359375
2024-10-29,576.3756713867188
2024-10-30,574.6319580078125
2024-10-31,563.3673706054688
2024-11-01,565.7450561523438
2024-11-04,564.5264892578125
2024-11-05,571.3526611328125
2024-11-06,585.5596313476562
2024-11-07,590.0872802734375
2024-11-08,592.6433715820312
2024-11-11,593.2081298828125
2024-11-12,591.3652954101562
2024-11-13,591.6526489257812
2024-11-14,587.8482055664062
2024-11-15,580.3186645507812
2024-11-18,582.6964721679688
2024-11-19,584.8264770507812
2024-11-20,585.0247192382812
2024-11-21,588.165283203125
2024-11-22,589.9881591796875
2024-11-25,591.989501953125
2024-11-26,595.08056640625
2024-11-27,593.2774047851562
2024-11-29,596.962890625
2024-12-02,598.0328979492188
2024-12-03,598.310302734375
2024-12-04,602.0255126953125
2024-12-05,601.0347900390625
2024-12-06,602.1741333007812
2024-12-09,599.0731811523438
2024-12-10,597.2105712890625
2024-12-11,601.827392578125
2024-12-12,598.7264404296875
2024-12-13,598.6075439453125
2024-12-16,601.16357421875
2024-12-17,598.6868286132812
2024-12-18,580.8438720703125
2024-12-19,580.6654052734375
2024-12-20,587.6398315429688
2024-12-23,591.1588134765625
2024-12-24,597.7295532226562
2024-12-26,597.7693481445312
2024-12-27,591.4768676757812
2024-12-30,584.7271728515625
2024-12-31,582.5999145507812
2025-01-02,581.1685180664062
2025-01-03,588.43505859375
2025-01-06,591.8248291015625
2025-01-07,585.1348266601562
2025-01-08,585.9896240234375
2025-01-10,577.0430297851562
2025-01-13,577.937744140625
2025-01-14,578.7330322265625
2025-01-15,589.2601928710938
2025-01-16,588.126953125
2025-01-17,594.0316772460938
2025-01-21,599.4691162109375
2025-01-22,602.8389892578125
2025-01-23,606.12939453125
2025-01-24,604.35986328125
2025-01-27,595.8109741210938
2025-01-28,600.930419921875
2025-01-29,598.2365112304688
2025-01-30,601.447265625
2025-01-31,598.2463989257812
2025-02-03,594.220458984375
2025-02-04,598.2066650390625
2025-02-05,600.6321411132812
2025-02-06,602.7197265625
2025-02-07,597.2026977539062
2025-02-10,601.2584228515625
2025-02-11,601.7156982421875
2025-02-12,599.7772827148438
2025-02-13,606.1094970703125
2025-02-14,606.0796508789062
2025-02-18,607.8590087890625
2025-02-19,609.2904663085938
2025-02-20,606.755615234375
2025-02-21,596.3776245117188
2025-02-24,593.663818359375
2025-02-25,590.71142578125
2025-02-26,591.0096435546875
2025-02-27,581.5759887695312
2025-02-28,590.6517944335938
2025-03-03,580.3036499023438
2025-03-04,573.4346313476562
2025-03-05,579.5978393554688
2025-03-06,569.309326171875
2025-03-07,572.500244140625
2025-03-10,557.2513427734375
2025-03-11,552.6189575195312
2025-03-12,555.5514526367188
2025-03-13,548.1456909179688
2025-03-14,559.4680786132812
2025-03-17,563.7823486328125
2025-03-18,557.688720703125
2025-03-19,563.762451171875
2025-03-20,562.1322021484375
2025-03-21,562.317626953125
2025-03-24,572.3878784179688
2025-03-25,573.7637939453125
2025-03-26,566.9140625
2025-03-27,565.4085083007812
2025-03-28,554.0221557617188
2025-03-31,557.7411499023438
2025-04-01,559.3164672851562
2025-04-02,562.8560791015625
2025-04-03,535.1180419921875
2025-04-04,503.7906494140625
2025-04-07,502.893310546875
2025-04-08,495.0166015625
2025-04-09,547.0029296875
2025-04-10,523.0337524414062
2025-04-11,532.3661499023438
2025-04-14,537.5308837890625
2025-04-15,536.0253295898438
2025-04-16,524.1105346679688
2025-04-17,524.8583374023438
2025-04-21,512.3652954101562
2025-04-22,525.6959228515625
2025-04-23,533.841796875
2025-04-24,545.07861328125
2025-04-25,549.0169677734375
2025-04-28,549.226318359375
2025-04-29,552.6860961914062
2025-04-30,552.9054565429688
2025-05-01,556.8238525390625
2025-05-02,565.0894165039062
2025-05-05,561.8489990234375
2025-05-06,557.1528930664062
2025-05-07,559.4959716796875
2025-05-08,563.3944702148438
2025-05-09,562.6765747070312
2025-05-12,581.2716064453125
2025-05-13,585.1102905273438
2025-05-14,585.8580932617188
2025-05-15,588.7196044921875
2025-05-16,592.4485473632812
2025-05-19,593.0966186523438
2025-05-20,591.1025390625
2025-05-21,581.1419677734375
2025-05-22,581.371337890625
2025-05-23,577.4030151367188
2025-05-27,589.4075927734375
2025-05-28,585.9976196289062
2025-05-29,588.310791015625
2025-05-30,587.6527709960938
2025-06-02,590.9629516601562
2025-06-03,594.3330078125
2025-06-04,594.1734619140625
2025-06-05,591.3019409179688
2025-06-06,597.3740234375
2025-06-09,597.9124145507812
2025-06-10,601.3023681640625
2025-06-11,599.5874633789062
2025-06-12,601.9703979492188
2025-06-13,595.2402954101562
2025-06-16,600.903564453125
2025-06-17,595.768798828125
2025-06-18,595.6790161132812
2025-06-20,594.280029296875
2025-06-23,600.1500244140625
2025-06-24,606.780029296875
2025-06-25,607.1199951171875
2025-06-26,611.8699951171875
2025-06-27,614.9099731445312
2025-06-30,617.8499755859375
2025-07-01,617.6500244140625
2025-07-02,620.4500122070312
2025-07-03,625.3400268554688
2025-07-07,620.6799926757812
2025-07-08,620.3400268554688
2025-07-09,624.0599975585938
2025-07-10,625.8200073242188
2025-07-11,623.6199951171875
2025-07-14,624.8099975585938
2025-07-15,622.1400146484375
2025-07-16,624.219970703125
2025-07-17,628.0399780273438
2025-07-18,627.5800170898438
2025-07-21,628.77001953125
2025-07-22,628.8599853515625
2025-07-23,634.2100219726562
2025-07-24,634.4199829101562
2025-07-25,637.0999755859375
2025-07-28,636.9400024414062
2025-07-29,635.260009765625
2025-07-30,634.4600219726562
2025-07-31,632.0800170898438
2025-08-01,621.719970703125
2025-08-04,631.1699829101562
2025-08-05,627.969970703125
2025-08-06,632.780029296875
2025-08-07,632.25
2025-08-08,637.1799926757812
2025-08-11,635.9199829101562
2025-08-12,642.6900024414062
2025-08-13,644.8900146484375
2025-08-14,644.9500122070312
2025-08-15,643.4400024414062
2025-08-18,643.2999877929688
2025-08-19,639.8099975585938
2025-08-20,638.1099853515625
2025-08-21,635.5499877929688
2025-08-22,645.3099975585938
2025-08-25,642.469970703125
2025-08-26,645.1599731445312
2025-08-27,646.6300048828125
2025-08-28,648.9199829101562
2025-08-29,645.0499877929688
2025-09-02,640.27001953125
2025-09-03,643.739990234375
