Date,TLT
2018-01-02,102.04444885253906
2018-01-03,102.53234100341797
2018-01-04,102.51612854003906
2018-01-05,102.22339630126953
2018-01-08,102.15828704833984
2018-01-09,100.79216003417969
2018-01-10,100.67022705078125
2018-01-11,101.08490753173828
2018-01-12,101.25569152832031
2018-01-16,101.67851257324219
2018-01-17,101.5403060913086
2018-01-18,100.59705352783203
2018-01-19,100.06845092773438
2018-01-22,100.16603088378906
2018-01-23,100.59705352783203
2018-01-24,100.05221557617188
2018-01-25,100.87350463867188
2018-01-26,100.4994125366211
2018-01-29,99.80014038085938
2018-01-30,99.2146224975586
2018-01-31,99.80014038085938
2018-02-01,98.3537368774414
2018-02-02,97.44110870361328
2018-02-05,98.36189270019531
2018-02-06,97.7507553100586
2018-02-07,96.8218002319336
2018-02-08,96.71587371826172
2018-02-09,96.10472106933594
2018-02-12,96.52845764160156
2018-02-13,96.9603500366211
2018-02-14,95.88468170166016
2018-02-15,96.2106704711914
2018-02-16,96.73219299316406
2018-02-20,96.3084487915039
2018-02-21,95.12689208984375
2018-02-22,95.41206359863281
2018-02-23,96.25956726074219
2018-02-26,96.2921371459961
2018-02-27,96.15359497070312
2018-02-28,96.76476287841797
2018-03-01,97.42532348632812
2018-03-02,96.63328552246094
2018-03-05,96.37200164794922
2018-03-06,96.46182250976562
2018-03-07,96.35575103759766
2018-03-08,96.91092681884766
2018-03-09,96.27408599853516
2018-03-12,96.82923126220703
2018-03-13,97.31916046142578
2018-03-14,98.17648315429688
2018-03-15,98.17648315429688
2018-03-16,97.82538604736328
2018-03-19,97.51509094238281
2018-03-20,97.1231689453125
2018-03-21,97.22933959960938
2018-03-22,98.1928482055664
2018-03-23,98.1193618774414
2018-03-26,97.74370574951172
2018-03-27,98.78886413574219
2018-03-28,99.05016326904297
2018-03-29,99.53187561035156
2018-04-02,99.72823333740234
2018-04-03,98.95909881591797
2018-04-04,98.75457763671875
2018-04-05,98.01814270019531
2018-04-06,99.09002685546875
2018-04-09,99.25369262695312
2018-04-10,99.07365417480469
2018-04-11,99.42552947998047
2018-04-12,98.69729614257812
2018-04-13,98.92638397216797
2018-04-16,98.95909881591797
2018-04-17,99.22916412353516
2018-04-18,98.43543243408203
2018-04-19,97.63352966308594
2018-04-20,96.92986297607422
2018-04-23,96.95437622070312
2018-04-24,96.5125503540039
2018-04-25,95.86611938476562
2018-04-26,96.53711700439453
2018-04-27,97.2817153930664
2018-04-30,97.45354461669922
2018-05-01,97.10254669189453
2018-05-02,96.9959716796875
2018-05-03,97.43055725097656
2018-05-04,97.57818603515625
2018-05-07,97.42240905761719
2018-05-08,97.33214569091797
2018-05-09,96.74993133544922
2018-05-10,97.52898406982422
2018-05-11,97.77498626708984
2018-05-14,97.25837707519531
2018-05-15,96.15128326416016
2018-05-16,95.78227996826172
2018-05-17,95.29842376708984
2018-05-18,96.11849212646484
2018-05-21,96.16769409179688
2018-05-22,96.02008819580078
2018-05-23,96.71711730957031
2018-05-24,97.48794555664062
2018-05-25,98.09481048583984
2018-05-29,100.24336242675781
2018-05-30,99.5709228515625
2018-05-31,99.40689086914062
2018-06-01,98.88167572021484
2018-06-04,98.16657257080078
2018-06-05,98.39672088623047
2018-06-06,97.59940338134766
2018-06-07,98.54466247558594
2018-06-08,98.24877166748047
2018-06-11,98.06790924072266
2018-06-12,98.09257507324219
2018-06-13,98.04326629638672
2018-06-14,98.85700225830078
2018-06-15,98.9474105834961
2018-06-18,98.85700225830078
2018-06-19,99.43235778808594
2018-06-20,98.56110382080078
2018-06-21,99.07891845703125
2018-06-22,99.0707015991211
2018-06-25,99.29263305664062
2018-06-26,99.43235778808594
2018-06-27,100.36940002441406
2018-06-28,100.39405822753906
2018-06-29,100.04885864257812
2018-07-02,99.9705810546875
2018-07-03,100.50607299804688
2018-07-05,100.7944107055664
2018-07-06,101.1239242553711
2018-07-09,100.47313690185547
2018-07-10,100.4648666381836
2018-07-11,100.85208892822266
2018-07-12,100.84383392333984
2018-07-13,101.0992202758789
2018-07-16,100.67909240722656
2018-07-17,100.4896011352539
2018-07-18,100.0859146118164
2018-07-19,100.72026062011719
2018-07-20,99.48455810546875
2018-07-23,98.25701904296875
2018-07-24,98.59481048583984
2018-07-25,98.43826293945312
2018-07-26,98.24878692626953
2018-07-27,98.41354370117188
2018-07-30,98.0758285522461
2018-07-31,98.6113052368164
2018-08-01,97.80792999267578
2018-08-02,97.94828033447266
2018-08-03,98.4354248046875
2018-08-06,98.49324035644531
2018-08-07,97.9813003540039
2018-08-08,98.08039093017578
2018-08-09,98.90606689453125
2018-08-10,99.62435913085938
2018-08-13,99.41796112060547
2018-08-14,99.19503021240234
2018-08-15,99.77295684814453
2018-08-16,99.7647476196289
2018-08-17,99.88863372802734
2018-08-20,100.55738067626953
2018-08-21,100.21882629394531
2018-08-22,100.61515045166016
2018-08-23,100.77208709716797
2018-08-24,100.97020721435547
2018-08-27,100.39225006103516
2018-08-28,99.78951263427734
2018-08-29,99.921630859375
2018-08-30,100.13629150390625
2018-08-31,99.90508270263672
2018-09-04,99.32748413085938
2018-09-05,99.06266021728516
2018-09-06,99.42678833007812
2018-09-07,98.58269500732422
2018-09-10,98.94682312011719
2018-09-11,98.19375610351562
2018-09-12,98.42548370361328
2018-09-13,98.57442474365234
2018-09-14,98.1027603149414
2018-09-17,98.1027603149414
2018-09-18,97.07664489746094
2018-09-19,96.49737548828125
2018-09-20,96.9442367553711
2018-09-21,96.90283966064453
2018-09-24,96.65458679199219
2018-09-25,96.5552749633789
2018-09-26,97.23384857177734
2018-09-27,97.30003356933594
2018-09-28,97.04354095458984
2018-10-01,96.33110046386719
2018-10-02,96.91992950439453
2018-10-03,95.23635864257812
2018-10-04,94.56452941894531
2018-10-05,93.75177001953125
2018-10-08,93.43659210205078
2018-10-09,94.38209533691406
2018-10-10,94.1250228881836
2018-10-11,95.2695083618164
2018-10-12,94.93775177001953
2018-10-15,94.89628601074219
2018-10-16,95.1119384765625
2018-10-17,94.5479507446289
2018-10-18,94.51478576660156
2018-10-19,94.30743408203125
2018-10-22,94.18301391601562
2018-10-23,94.48162841796875
2018-10-24,95.19482421875
2018-10-25,94.79679107666016
2018-10-26,95.3690414428711
2018-10-29,95.15338897705078
2018-10-30,94.68067932128906
2018-10-31,94.1996078491211
2018-11-01,94.28692626953125
2018-11-02,93.11466979980469
2018-11-05,93.48048400878906
2018-11-06,93.42227935791016
2018-11-07,93.54698181152344
2018-11-08,93.5386734008789
2018-11-09,94.23699951171875
2018-11-12,94.85226440429688
2018-11-13,94.79402160644531
2018-11-14,94.85226440429688
2018-11-15,94.81067657470703
2018-11-16,95.3593521118164
2018-11-19,95.62544250488281
2018-11-20,95.65867614746094
2018-11-21,95.62544250488281
2018-11-23,95.72521209716797
2018-11-26,95.50901794433594
2018-11-27,95.61714935302734
2018-11-28,95.15155792236328
2018-11-29,95.52567291259766
2018-11-30,95.88317108154297
2018-12-03,96.56397247314453
2018-12-04,98.18061828613281
2018-12-06,98.48894500732422
2018-12-07,98.67225646972656
2018-12-10,99.08061218261719
2018-12-11,99.06391143798828
2018-12-12,98.62226867675781
2018-12-13,98.3889389038086
2018-12-14,98.73060607910156
2018-12-17,99.30555725097656
2018-12-18,99.90027618408203
2018-12-19,101.22003936767578
2018-12-20,100.85250091552734
2018-12-21,100.83584594726562
2018-12-24,101.33699798583984
2018-12-26,100.25108337402344
2018-12-27,100.26781463623047
2018-12-28,101.11146545410156
2018-12-31,101.49566650390625
2019-01-02,102.03025817871094
2019-01-03,103.1913070678711
2019-01-04,101.99687957763672
2019-01-07,101.69618225097656
2019-01-08,101.42884826660156
2019-01-09,101.2701644897461
2019-01-10,100.61865997314453
2019-01-11,101.01122283935547
2019-01-14,100.6353530883789
2019-01-15,100.26781463623047
2019-01-16,100.3680648803711
2019-01-17,100.39310455322266
2019-01-18,99.86688232421875
2019-01-22,100.54348754882812
2019-01-23,100.50167846679688
2019-01-24,101.16156005859375
2019-01-25,100.67710876464844
2019-01-28,100.5768814086914
2019-01-29,101.08642578125
2019-01-30,101.01122283935547
2019-01-31,101.87992095947266
2019-02-01,101.26464080810547
2019-02-04,100.8125
2019-02-05,101.27295684814453
2019-02-06,101.32318878173828
2019-02-07,101.99295806884766
2019-02-08,102.42827606201172
2019-02-11,102.02643585205078
2019-02-12,101.76689147949219
2019-02-13,101.38184356689453
2019-02-14,101.95945739746094
2019-02-15,102.1185302734375
2019-02-19,102.37806701660156
2019-02-20,102.08503723144531
2019-02-21,101.17253112792969
2019-02-22,101.77529907226562
2019-02-25,101.4738998413086
2019-02-26,101.97618103027344
2019-02-27,100.82088470458984
2019-02-28,100.47763061523438
2019-03-01,99.54894256591797
2019-03-04,100.32915496826172
2019-03-05,100.53889465332031
2019-03-06,100.90803527832031
2019-03-07,101.56242370605469
2019-03-08,101.99028778076172
2019-03-11,101.6882553100586
2019-03-12,102.40132904052734
2019-03-13,102.20841979980469
2019-03-14,101.47013092041016
2019-03-15,102.14127349853516
2019-03-18,102.08258819580078
2019-03-19,101.8560562133789
2019-03-20,102.9215087890625
2019-03-21,103.14804077148438
2019-03-22,104.75037384033203
2019-03-25,104.91820526123047
2019-03-26,104.84271240234375
2019-03-27,105.80748748779297
2019-03-28,106.17662811279297
2019-03-29,106.07592010498047
2019-04-01,104.56922912597656
2019-04-02,104.76258850097656
2019-04-03,103.85457611083984
2019-04-04,104.14884185791016
2019-04-05,104.2833251953125
2019-04-08,103.91340637207031
2019-04-09,104.24132537841797
2019-04-10,104.4935531616211
2019-04-11,103.87981414794922
2019-04-12,103.1399154663086
2019-04-15,103.40055084228516
2019-04-16,102.75311279296875
2019-04-17,102.7951431274414
2019-04-18,103.33326721191406
2019-04-22,102.8371810913086
2019-04-23,103.05577850341797
2019-04-24,103.89659118652344
2019-04-25,103.74525451660156
2019-04-26,104.0984115600586
2019-04-29,103.43415069580078
2019-04-30,103.96387481689453
2019-05-01,104.39276123046875
2019-05-02,103.89559936523438
2019-05-03,104.19053649902344
2019-05-06,104.47698974609375
2019-05-07,105.27741241455078
2019-05-08,104.82244110107422
2019-05-09,105.25212097167969
2019-05-10,105.10888671875
2019-05-13,105.93461608886719
2019-05-14,105.62284851074219
2019-05-15,106.27161407470703
2019-05-16,105.91773223876953
2019-05-17,106.1536865234375
2019-05-20,105.93461608886719
2019-05-21,105.76610565185547
2019-05-22,106.37273406982422
2019-05-23,107.56917572021484
2019-05-24,107.6618423461914
2019-05-28,108.43698120117188
2019-05-29,108.76556396484375
2019-05-30,109.70084381103516
2019-05-31,111.07422637939453
2019-06-03,111.8171615600586
2019-06-04,110.54227447509766
2019-06-05,109.91748809814453
2019-06-06,110.2720947265625
2019-06-07,111.22618865966797
2019-06-10,110.17926025390625
2019-06-11,110.2468032836914
2019-06-12,110.33119201660156
2019-06-13,110.71118927001953
2019-06-14,110.98977661132812
2019-06-17,111.18392944335938
2019-06-18,111.74119567871094
2019-06-19,111.90160369873047
2019-06-20,112.19710540771484
2019-06-21,110.96442413330078
2019-06-24,111.79182434082031
2019-06-25,112.13798522949219
2019-06-26,111.42032623291016
2019-06-27,112.2055435180664
2019-06-28,112.12954711914062
2019-07-01,111.8673324584961
2019-07-02,112.73017120361328
2019-07-03,113.53385162353516
2019-07-05,112.02802276611328
2019-07-08,112.1802978515625
2019-07-09,112.13800811767578
2019-07-10,111.5205078125
2019-07-11,110.03163146972656
2019-07-12,110.15847778320312
2019-07-15,110.79293060302734
2019-07-16,110.46305847167969
2019-07-17,111.65580749511719
2019-07-18,111.66427612304688
2019-07-19,111.40202331542969
2019-07-22,111.6135482788086
2019-07-23,111.00442504882812
2019-07-24,111.48662567138672
2019-07-25,110.95370483398438
2019-07-26,111.2159423828125
2019-07-29,111.24978637695312
2019-07-30,111.5205078125
2019-07-31,112.41714477539062
2019-08-01,114.64978790283203
2019-08-02,115.70932006835938
2019-08-05,117.70976257324219
2019-08-06,118.65058898925781
2019-08-07,118.69303894042969
2019-08-08,118.94729614257812
2019-08-09,118.7099609375
2019-08-12,121.18500518798828
2019-08-13,120.76969909667969
2019-08-14,123.49057006835938
2019-08-15,124.86372375488281
2019-08-16,123.8635482788086
2019-08-19,122.0919418334961
2019-08-20,123.35489654541016
2019-08-21,122.53272247314453
2019-08-22,121.718994140625
2019-08-23,123.71941375732422
2019-08-26,123.21929931640625
2019-08-27,125.11795043945312
2019-08-28,125.2790756225586
2019-08-29,124.80435180664062
2019-08-30,124.83829498291016
2019-09-03,124.99956512451172
2019-09-04,125.18641662597656
2019-09-05,122.91926574707031
2019-09-06,123.79386901855469
2019-09-09,121.59465789794922
2019-09-10,119.46333312988281
2019-09-11,119.2509994506836
2019-09-12,118.46987915039062
2019-09-13,115.93944549560547
2019-09-16,117.4168930053711
2019-09-17,118.0538101196289
2019-09-18,118.55476379394531
2019-09-19,118.91141510009766
2019-09-20,120.48224639892578
2019-09-23,120.45681762695312
2019-09-24,121.90877532958984
2019-09-25,120.12561798095703
2019-09-26,120.89827728271484
2019-09-27,121.19554901123047
2019-09-30,121.49275207519531
2019-10-01,121.85853576660156
2019-10-02,122.15616607666016
2019-10-03,123.27049255371094
2019-10-04,124.18063354492188
2019-10-07,123.15141296386719
2019-10-08,123.48319244384766
2019-10-09,122.78559875488281
2019-10-10,120.95684051513672
2019-10-11,119.45977783203125
2019-10-14,120.32736206054688
2019-10-15,118.87276458740234
2019-10-16,119.01741027832031
2019-10-17,118.7282943725586
2019-10-18,118.7282943725586
2019-10-21,117.83511352539062
2019-10-22,118.52409362792969
2019-10-23,118.64315032958984
2019-10-24,118.40499877929688
2019-10-25,117.82657623291016
2019-10-28,116.75477600097656
2019-10-29,116.83134460449219
2019-10-30,118.54113006591797
2019-10-31,120.1402359008789
2019-11-01,119.77040100097656
2019-11-04,118.19403076171875
2019-11-05,116.86480712890625
2019-11-06,117.57205963134766
2019-11-07,115.44180297851562
2019-11-08,114.95608520507812
2019-11-11,115.0328140258789
2019-11-12,115.5611343383789
2019-11-13,116.3109130859375
2019-11-14,117.51238250732422
2019-11-15,117.38458251953125
2019-11-18,117.59759521484375
2019-11-19,118.5774917602539
2019-11-20,119.80451202392578
2019-11-21,119.05469512939453
2019-11-22,119.20802307128906
2019-11-25,119.557373046875
2019-11-26,120.25608825683594
2019-11-27,119.90679931640625
2019-11-29,119.65119171142578
2019-12-02,118.05582427978516
2019-12-03,120.53117370605469
2019-12-04,119.32765197753906
2019-12-05,118.74723815917969
2019-12-06,118.08998107910156
2019-12-09,118.34603118896484
2019-12-10,118.35465240478516
2019-12-11,119.28492736816406
2019-12-12,117.32178497314453
2019-12-13,118.67897033691406
2019-12-16,117.61194610595703
2019-12-17,117.4498291015625
2019-12-18,116.48527526855469
2019-12-19,116.6716537475586
2019-12-20,116.82557678222656
2019-12-23,116.654541015625
2019-12-24,116.9880142211914
2019-12-26,117.27009582519531
2019-12-27,117.3982925415039
2019-12-30,116.97090148925781
2019-12-31,115.82527160644531
2020-01-02,117.1333236694336
2020-01-03,118.93722534179688
2020-01-06,118.2618408203125
2020-01-07,117.68048858642578
2020-01-08,116.90247344970703
2020-01-09,117.31287384033203
2020-01-10,118.35592651367188
2020-01-13,117.99681091308594
2020-01-14,118.60374450683594
2020-01-15,119.39031219482422
2020-01-16,119.01415252685547
2020-01-17,117.99681091308594
2020-01-21,119.23645782470703
2020-01-22,119.65534973144531
2020-01-23,120.49317169189453
2020-01-24,121.46781921386719
2020-01-27,123.35714721679688
2020-01-28,122.39106750488281
2020-01-29,123.58798217773438
2020-01-30,123.6051254272461
2020-01-31,124.73358154296875
2020-02-03,124.632568359375
2020-02-04,122.95417022705078
2020-02-05,121.60965728759766
2020-02-06,122.15770721435547
2020-02-07,123.68201446533203
2020-02-10,124.02458190917969
2020-02-11,123.39942932128906
2020-02-12,122.7742691040039
2020-02-13,123.24526977539062
2020-02-14,123.78480529785156
2020-02-18,124.632568359375
2020-02-19,124.62397003173828
2020-02-20,125.60022735595703
2020-02-21,126.77338409423828
2020-02-24,128.6658935546875
2020-02-25,129.3509979248047
2020-02-26,128.6658935546875
2020-02-27,130.06179809570312
2020-02-28,132.99905395507812
2020-03-02,132.02052307128906
2020-03-03,134.07015991210938
2020-03-04,132.64651489257812
2020-03-05,135.94845581054688
2020-03-06,143.023681640625
2020-03-09,146.90005493164062
2020-03-10,139.37025451660156
2020-03-11,134.24169921875
2020-03-12,135.0735321044922
2020-03-13,132.02052307128906
2020-03-16,140.5709228515625
2020-03-17,131.1971435546875
2020-03-18,123.79605102539062
2020-03-19,127.16646575927734
2020-03-20,136.72877502441406
2020-03-23,142.3633575439453
2020-03-24,139.71324157714844
2020-03-25,139.3959503173828
2020-03-26,140.08212280273438
2020-03-27,143.8212127685547
2020-03-30,142.63772583007812
2020-03-31,141.4799346923828
2020-04-01,143.4622802734375
2020-04-02,144.37252807617188
2020-04-03,144.7161102294922
2020-04-06,144.33819580078125
2020-04-07,142.82662963867188
2020-04-08,141.78738403320312
2020-04-09,142.04507446289062
2020-04-13,140.74830627441406
2020-04-14,140.71388244628906
2020-04-15,144.44131469726562
2020-04-16,146.0817108154297
2020-04-17,144.12350463867188
2020-04-20,145.282958984375
2020-04-21,147.11228942871094
2020-04-22,145.60934448242188
2020-04-23,146.38226318359375
2020-04-24,146.725830078125
2020-04-27,143.99468994140625
2020-04-28,145.65228271484375
2020-04-29,144.89646911621094
2020-04-30,143.20458984375
2020-05-01,144.43080139160156
2020-05-04,143.75148010253906
2020-05-05,142.83123779296875
2020-05-06,140.5265350341797
2020-05-07,142.87429809570312
2020-05-08,141.01683044433594
2020-05-11,139.91604614257812
2020-05-12,141.35220336914062
2020-05-13,142.34117126464844
2020-05-14,143.73423767089844
2020-05-15,143.364501953125
2020-05-18,140.2170867919922
2020-05-19,140.7415771484375
2020-05-20,141.16299438476562
2020-05-21,141.51559448242188
2020-05-22,142.36695861816406
2020-05-26,140.45785522460938
2020-05-27,140.19984436035156
2020-05-28,139.6838836669922
2020-05-29,140.68145751953125
2020-06-01,139.73422241210938
2020-06-02,139.22621154785156
2020-06-03,137.37493896484375
2020-06-04,135.38587951660156
2020-06-05,134.42138671875
2020-06-08,134.9381103515625
2020-06-09,136.4707794189453
2020-06-10,138.49429321289062
2020-06-11,141.11196899414062
2020-06-12,139.7514190673828
2020-06-15,139.82896423339844
2020-06-16,137.68487548828125
2020-06-17,138.25320434570312
2020-06-18,139.71705627441406
2020-06-19,139.82896423339844
2020-06-22,139.84616088867188
2020-06-23,138.89036560058594
2020-06-24,140.3800048828125
2020-06-25,140.7847137451172
2020-06-26,142.2915802001953
2020-06-29,141.84381103515625
2020-06-30,141.15493774414062
2020-07-01,140.880859375
2020-07-02,141.02748107910156
2020-07-06,140.44979858398438
2020-07-07,142.4239959716797
2020-07-08,141.85496520996094
2020-07-09,144.1136474609375
2020-07-10,143.38954162597656
2020-07-13,143.86363220214844
2020-07-14,144.07049560546875
2020-07-15,143.39813232421875
2020-07-16,144.0791778564453
2020-07-17,143.77748107910156
2020-07-20,144.13095092773438
2020-07-21,144.21707153320312
2020-07-22,144.64817810058594
2020-07-23,146.33787536621094
2020-07-24,146.32916259765625
2020-07-27,145.78607177734375
2020-07-28,146.79469299316406
2020-07-29,146.54461669921875
2020-07-30,147.51028442382812
2020-07-31,147.4153594970703
2020-08-03,146.67312622070312
2020-08-04,148.0713348388672
2020-08-05,146.77676391601562
2020-08-06,147.59664916992188
2020-08-07,146.6128387451172
2020-08-10,145.9568328857422
2020-08-11,144.22218322753906
2020-08-12,142.9103546142578
2020-08-13,141.38284301757812
2020-08-14,140.83047485351562
2020-08-17,141.18431091308594
2020-08-18,142.1940460205078
2020-08-19,141.30506896972656
2020-08-20,142.58242797851562
2020-08-21,143.43682861328125
2020-08-24,143.20376586914062
2020-08-25,142.10777282714844
2020-08-26,141.56402587890625
2020-08-27,139.15614318847656
2020-08-28,139.0525665283203
2020-08-31,139.97598266601562
2020-09-01,141.5770721435547
2020-09-02,142.9248809814453
2020-09-03,143.33096313476562
2020-09-04,140.60934448242188
2020-09-08,141.47335815429688
2020-09-09,141.09317016601562
2020-09-10,141.810302734375
2020-09-11,142.11276245117188
2020-09-14,142.1041259765625
2020-09-15,141.7584991455078
2020-09-16,141.33517456054688
2020-09-17,141.7671356201172
2020-09-18,141.3264923095703
2020-09-21,142.04354858398438
2020-09-22,141.9313201904297
2020-09-23,142.1213836669922
2020-09-24,142.66566467285156
2020-09-25,142.66566467285156
2020-09-28,142.25962829589844
2020-09-29,142.42376708984375
2020-09-30,141.05862426757812
2020-10-01,141.29132080078125
2020-10-02,140.763671875
2020-10-05,138.01324462890625
2020-10-06,138.75711059570312
2020-10-07,137.7451934814453
2020-10-08,138.489013671875
2020-10-09,138.46307373046875
2020-10-12,138.9041290283203
2020-10-13,139.89881896972656
2020-10-14,140.2188720703125
2020-10-15,139.97666931152344
2020-10-16,139.58746337890625
2020-10-19,139.059814453125
2020-10-20,137.7365264892578
2020-10-21,137.26087951660156
2020-10-22,135.83370971679688
2020-10-23,136.66397094726562
2020-10-26,137.9354705810547
2020-10-27,138.86094665527344
2020-10-28,138.99063110351562
2020-10-29,137.64134216308594
2020-10-30,136.2834930419922
2020-11-02,137.30429077148438
2020-11-03,136.50775146484375
2020-11-04,139.46888732910156
2020-11-05,139.71133422851562
2020-11-06,138.02301025390625
2020-11-09,135.1223602294922
2020-11-10,134.34312438964844
2020-11-11,134.8280029296875
2020-11-12,137.12245178222656
2020-11-13,136.94065856933594
2020-11-16,136.6116180419922
2020-11-17,137.50347900390625
2020-11-18,137.90171813964844
2020-11-19,138.6117401123047
2020-11-20,139.8412628173828
2020-11-23,139.200439453125
2020-11-24,137.8151397705078
2020-11-25,137.39088439941406
2020-11-27,138.72427368164062
2020-11-30,138.551025390625
2020-12-01,136.50828552246094
2020-12-02,135.4248046875
2020-12-03,136.51690673828125
2020-12-04,134.5147705078125
2020-12-07,135.7282257080078
2020-12-08,136.36956787109375
2020-12-09,135.9188995361328
2020-12-10,137.1235809326172
2020-12-11,137.6090087890625
2020-12-14,137.2276153564453
2020-12-15,136.7682342529297
2020-12-16,136.4042510986328
2020-12-17,136.04336547851562
2020-12-18,135.6354522705078
2020-12-21,136.17340087890625
2020-12-22,136.87623596191406
2020-12-23,135.93055725097656
2020-12-24,136.4684600830078
2020-12-28,136.52914428710938
2020-12-29,136.35568237304688
2020-12-30,136.65065002441406
2020-12-31,136.8501739501953
2021-01-04,136.6853485107422
2021-01-05,135.6702423095703
2021-01-06,132.88516235351562
2021-01-07,131.71385192871094
2021-01-08,131.28871154785156
2021-01-11,131.07179260253906
2021-01-12,130.96775817871094
2021-01-13,132.44268798828125
2021-01-14,131.2020263671875
2021-01-15,131.72251892089844
2021-01-19,132.1476287841797
2021-01-20,132.2778778076172
2021-01-21,131.34945678710938
2021-01-22,131.7746124267578
2021-01-25,133.32762145996094
2021-01-26,133.07603454589844
2021-01-27,133.4144287109375
2021-01-28,132.6769561767578
2021-01-29,131.87872314453125
2021-02-01,132.03163146972656
2021-02-02,131.1803741455078
2021-02-03,130.01641845703125
2021-02-04,129.66893005371094
2021-02-05,128.58314514160156
2021-02-08,129.14779663085938
2021-02-09,129.24330139160156
2021-02-10,130.10325622558594
2021-02-11,129.3909454345703
2021-02-12,127.7839584350586
2021-02-16,125.83831787109375
2021-02-17,126.63739013671875
2021-02-18,126.12489318847656
2021-02-19,124.44849395751953
2021-02-22,123.501708984375
2021-02-23,123.14549255371094
2021-02-24,122.33773040771484
2021-02-25,120.3398666381836
2021-02-26,124.31816101074219
2021-03-01,122.67619323730469
2021-03-02,122.68492126464844
2021-03-03,121.35433197021484
2021-03-04,120.57159423828125
2021-03-05,120.80643463134766
2021-03-08,119.86719512939453
2021-03-09,121.5282974243164
2021-03-10,121.77178955078125
2021-03-11,120.89337921142578
2021-03-12,118.3279037475586
2021-03-15,119.02359771728516
2021-03-16,118.5452880859375
2021-03-17,117.6582260131836
2021-03-18,116.46671295166016
2021-03-19,117.1885757446289
2021-03-22,118.50177001953125
2021-03-23,119.57150268554688
2021-03-24,120.21504974365234
2021-03-25,119.26713562011719
2021-03-26,118.84968566894531
2021-03-29,117.84082794189453
2021-03-30,118.45829772949219
2021-03-31,117.79734802246094
2021-04-01,119.75244140625
2021-04-05,119.22988891601562
2021-04-06,120.03983306884766
2021-04-07,119.20382690429688
2021-04-08,120.18792724609375
2021-04-09,119.75244140625
2021-04-12,119.70021057128906
2021-04-13,120.5971908569336
2021-04-14,120.21399688720703
2021-04-15,122.22566986083984
2021-04-16,121.27645874023438
2021-04-19,120.9281234741211
2021-04-20,121.4854736328125
2021-04-21,121.72932434082031
2021-04-22,122.26054382324219
2021-04-23,121.97310638427734
2021-04-26,121.79898834228516
2021-04-27,120.73651885986328
2021-04-28,120.8149185180664
2021-04-29,120.45784759521484
2021-04-30,120.73651885986328
2021-05-03,120.80892944335938
2021-05-04,121.62875366210938
2021-05-05,121.8293685913086
2021-05-06,122.02993774414062
2021-05-07,121.42813110351562
2021-05-10,120.19847106933594
2021-05-11,119.51815795898438
2021-05-12,118.26228332519531
2021-05-13,118.44537353515625
2021-05-14,119.55303955078125
2021-05-17,119.30007934570312
2021-05-18,118.99488830566406
2021-05-19,118.70706939697266
2021-05-20,119.68383026123047
2021-05-21,120.06761169433594
2021-05-24,120.5123519897461
2021-05-25,121.62875366210938
2021-05-26,121.41944122314453
2021-05-27,120.9310073852539
2021-05-28,120.7391357421875
2021-06-01,120.71208953857422
2021-06-02,120.99156951904297
2021-06-03,120.53740692138672
2021-06-04,122.18807220458984
2021-06-07,121.81260681152344
2021-06-08,122.66851806640625
2021-06-09,123.75150299072266
2021-06-10,124.4938735961914
2021-06-11,124.29302215576172
2021-06-14,123.34100341796875
2021-06-15,123.19252014160156
2021-06-16,123.08769989013672
2021-06-17,124.9305648803711
2021-06-18,127.28003692626953
2021-06-21,125.14888000488281
2021-06-22,125.45465087890625
2021-06-23,125.13143920898438
2021-06-24,125.33228302001953
2021-06-25,124.03096008300781
2021-06-28,125.3061752319336
2021-06-29,125.51580810546875
2021-06-30,126.0747299194336
2021-07-01,126.08168029785156
2021-07-02,126.842529296875
2021-07-06,128.3292694091797
2021-07-07,129.46615600585938
2021-07-08,129.97341918945312
2021-07-09,128.1456298828125
2021-07-12,127.9793701171875
2021-07-13,126.99996948242188
2021-07-14,128.44297790527344
2021-07-15,129.85968017578125
2021-07-16,129.6148681640625
2021-07-19,132.45704650878906
2021-07-20,131.1802215576172
2021-07-21,129.51861572265625
2021-07-22,130.7429656982422
2021-07-23,129.868408203125
2021-07-26,129.48362731933594
2021-07-27,130.86538696289062
2021-07-28,130.87416076660156
2021-07-29,130.14830017089844
2021-07-30,130.76043701171875
2021-08-02,131.92678833007812
2021-08-03,131.996826171875
2021-08-04,132.26828002929688
2021-08-05,131.59402465820312
2021-08-06,129.39627075195312
2021-08-09,128.9321746826172
2021-08-10,128.33682250976562
2021-08-11,128.2579803466797
2021-08-12,128.0478973388672
2021-08-13,130.07049560546875
2021-08-16,130.38575744628906
2021-08-17,130.3332061767578
2021-08-18,130.77099609375
2021-08-19,131.73414611816406
2021-08-20,131.8216552734375
2021-08-23,131.73414611816406
2021-08-24,130.70970153808594
2021-08-25,129.62388610839844
2021-08-26,129.9829864501953
2021-08-27,130.86734008789062
2021-08-30,131.20883178710938
2021-08-31,130.31565856933594
2021-09-01,130.53399658203125
2021-09-02,131.10382080078125
2021-09-03,129.9114990234375
2021-09-07,128.8156280517578
2021-09-08,129.69229125976562
2021-09-09,131.2616424560547
2021-09-10,130.1043701171875
2021-09-13,130.89337158203125
2021-09-14,132.48028564453125
2021-09-15,132.01559448242188
2021-09-16,131.41062927246094
2021-09-17,130.77943420410156
2021-09-20,132.40133666992188
2021-09-21,132.28741455078125
2021-09-22,133.076416015625
2021-09-23,130.06935119628906
2021-09-24,128.7980499267578
2021-09-27,128.3246307373047
2021-09-28,126.32568359375
2021-09-29,126.54489135742188
2021-09-30,126.52743530273438
2021-10-01,127.59215545654297
2021-10-04,127.26737213134766
2021-10-05,126.03840637207031
2021-10-06,126.7494125366211
2021-10-07,125.4239501953125
2021-10-08,124.546142578125
2021-10-11,124.2301025390625
2021-10-12,126.35445404052734
2021-10-13,127.58340454101562
2021-10-14,128.05743408203125
2021-10-15,127.3112564086914
2021-10-18,127.9082260131836
2021-10-19,126.14378356933594
2021-10-20,125.2923355102539
2021-10-21,125.14311218261719
2021-10-22,126.52125549316406
2021-10-25,126.32814025878906
2021-10-26,127.3727035522461
2021-10-27,129.69024658203125
2021-10-28,129.2512664794922
2021-10-29,129.64634704589844
2021-11-01,128.71287536621094
2021-11-02,129.28419494628906
2021-11-03,127.94818115234375
2021-11-04,129.29298400878906
2021-11-05,131.22665405273438
2021-11-08,130.98057556152344
2021-11-09,132.6857147216797
2021-11-10,130.2598419189453
2021-11-11,130.0664520263672
2021-11-12,129.4951629638672
2021-11-15,127.86905670166016
2021-11-16,127.54386138916016
2021-11-17,128.55462646484375
2021-11-18,129.0380859375
2021-11-19,130.40045166015625
2021-11-22,128.87110900878906
2021-11-23,127.00772857666016
2021-11-24,129.046875
2021-11-26,132.3076934814453
2021-11-29,131.2442626953125
2021-11-30,133.23941040039062
2021-12-01,134.0614013671875
2021-12-02,134.2285919189453
2021-12-03,135.83016967773438
2021-12-06,133.9645233154297
2021-12-07,132.88214111328125
2021-12-08,130.58531188964844
2021-12-09,131.3157196044922
2021-12-10,130.9989776611328
2021-12-13,132.93495178222656
2021-12-14,132.61810302734375
2021-12-15,131.3421173095703
2021-12-16,131.39321899414062
2021-12-17,132.8821258544922
2021-12-20,131.88658142089844
2021-12-21,131.38441467285156
2021-12-22,131.99232482910156
2021-12-23,130.8470001220703
2021-12-27,131.1641845703125
2021-12-28,130.6443634033203
2021-12-29,129.2171630859375
2021-12-30,130.30075073242188
2021-12-31,130.55625915527344
2022-01-03,127.1291275024414
2022-01-04,126.60052490234375
2022-01-05,125.91340637207031
2022-01-06,126.23933410644531
2022-01-07,125.33187103271484
2022-01-10,125.64027404785156
2022-01-11,126.47721099853516
2022-01-12,125.99267578125
2022-01-13,127.1115493774414
2022-01-14,125.19095611572266
2022-01-18,123.42894744873047
2022-01-19,124.28355407714844
2022-01-20,125.04996490478516
2022-01-21,126.53890228271484
2022-01-24,125.49932098388672
2022-01-25,125.29668426513672
2022-01-26,123.78133392333984
2022-01-27,126.05436706542969
2022-01-28,126.09837341308594
2022-01-31,125.4464340209961
2022-02-01,125.03004455566406
2022-02-02,125.4535140991211
2022-02-03,124.47420501708984
2022-02-04,122.63914489746094
2022-02-07,122.71858978271484
2022-02-08,121.89810180664062
2022-02-09,122.12749481201172
2022-02-10,120.18657684326172
2022-02-11,121.96866607666016
2022-02-14,120.45121002197266
2022-02-15,119.08377838134766
2022-02-16,119.7895736694336
2022-02-17,120.68061065673828
2022-02-18,121.95104217529297
2022-02-22,122.26860046386719
2022-02-23,120.58361053466797
2022-02-24,120.66299438476562
2022-02-25,120.7512435913086
2022-02-28,123.39788818359375
2022-03-01,124.8245849609375
2022-03-02,120.55776977539062
2022-03-03,121.78565979003906
2022-03-04,123.88818359375
2022-03-07,122.94293975830078
2022-03-08,121.70618438720703
2022-03-09,120.51361846923828
2022-03-10,118.78214263916016
2022-03-11,119.17967224121094
2022-03-14,116.39694213867188
2022-03-15,116.19377899169922
2022-03-16,117.3333511352539
2022-03-17,116.45878601074219
2022-03-18,117.88105010986328
2022-03-21,115.15135955810547
2022-03-22,113.67606353759766
2022-03-23,116.16728210449219
2022-03-24,115.25733947753906
2022-03-25,113.65839385986328
2022-03-28,114.6301040649414
2022-03-29,115.495849609375
2022-03-30,116.39694213867188
2022-03-31,116.67964172363281
2022-04-01,117.123779296875
2022-04-04,116.30982208251953
2022-04-05,113.68209838867188
2022-04-06,112.76193237304688
2022-04-07,111.91256713867188
2022-04-08,110.70045471191406
2022-04-11,108.94863891601562
2022-04-12,108.79822540283203
2022-04-13,109.01942443847656
2022-04-14,106.83406829833984
2022-04-18,106.30321502685547
2022-04-19,105.5069351196289
2022-04-20,107.63036346435547
2022-04-21,106.83406829833984
2022-04-22,106.16162872314453
2022-04-25,107.2233657836914
2022-04-26,108.30277252197266
2022-04-27,106.91371154785156
2022-04-28,107.07296752929688
2022-04-29,105.68389129638672
2022-05-02,103.85197448730469
2022-05-03,104.55213165283203
2022-05-04,105.12821960449219
2022-05-05,102.24789428710938
2022-05-06,100.74122619628906
2022-05-09,101.62749481201172
2022-05-10,102.5491943359375
2022-05-11,104.52555084228516
2022-05-12,104.33057403564453
2022-05-13,102.78846740722656
2022-05-16,102.68212890625
2022-05-17,101.44137573242188
2022-05-18,103.60385131835938
2022-05-19,103.85197448730469
2022-05-20,105.03074645996094
2022-05-23,103.302490234375
2022-05-24,105.34091186523438
2022-05-25,105.75746154785156
2022-05-26,105.27887725830078
2022-05-27,105.53589630126953
2022-05-31,103.302490234375
2022-06-01,103.18443298339844
2022-06-02,103.2376937866211
2022-06-03,103.01573944091797
2022-06-06,101.11576080322266
2022-06-07,102.20781707763672
2022-06-08,101.30221557617188
2022-06-09,101.63957977294922
2022-06-10,101.0092544555664
2022-06-13,97.83968353271484
2022-06-14,96.60557556152344
2022-06-15,98.40787506103516
2022-06-16,99.18914794921875
2022-06-17,99.5088119506836
2022-06-21,97.82190704345703
2022-06-22,100.51203155517578
2022-06-23,101.33772277832031
2022-06-24,99.93494415283203
2022-06-27,99.0826187133789
2022-06-28,99.5442886352539
2022-06-29,101.09800720214844
2022-06-30,101.98587799072266
2022-07-01,103.03291320800781
2022-07-05,103.84245300292969
2022-07-06,102.09883117675781
2022-07-07,101.20035552978516
2022-07-08,100.0794448852539
2022-07-11,101.80528259277344
2022-07-12,102.41019439697266
2022-07-13,103.5844497680664
2022-07-14,102.73936462402344
2022-07-15,103.31759643554688
2022-07-18,102.24116516113281
2022-07-19,101.68962860107422
2022-07-20,101.95648956298828
2022-07-21,103.7178955078125
2022-07-22,105.46150207519531
2022-07-25,104.4295883178711
2022-07-26,104.50963592529297
2022-07-27,103.92250061035156
2022-07-28,104.74983215332031
2022-07-29,104.46515655517578
2022-08-01,106.9810562133789
2022-08-02,104.71736907958984
2022-08-03,106.36610412597656
2022-08-04,106.33047485351562
2022-08-05,103.7994155883789
2022-08-08,105.47489929199219
2022-08-09,105.06492614746094
2022-08-10,104.37870025634766
2022-08-11,101.94568634033203
2022-08-12,102.97949981689453
2022-08-15,102.89038848876953
2022-08-16,103.31817626953125
2022-08-17,102.23983764648438
2022-08-18,102.39130401611328
2022-08-19,100.7425765991211
2022-08-22,100.4039077758789
2022-08-23,99.8513412475586
2022-08-24,99.12055206298828
2022-08-25,100.5019302368164
2022-08-26,101.25946044921875
2022-08-29,100.42174530029297
2022-08-30,100.67125701904297
2022-08-31,99.70875549316406
2022-09-01,97.88325500488281
2022-09-02,98.43699645996094
2022-09-06,95.99882507324219
2022-09-07,97.51710510253906
2022-09-08,96.51683044433594
2022-09-09,96.73119354248047
2022-09-12,95.93632507324219
2022-09-13,96.15959930419922
2022-09-14,96.49002838134766
2022-09-15,96.42753601074219
2022-09-16,95.6237564086914
2022-09-19,95.84700012207031
2022-09-20,94.89142608642578
2022-09-21,96.48111724853516
2022-09-22,94.01616668701172
2022-09-23,94.40020751953125
2022-09-26,92.59615325927734
2022-09-27,90.15797424316406
2022-09-28,93.17665100097656
2022-09-29,92.69440460205078
2022-09-30,91.49764251708984
2022-10-03,92.95146942138672
2022-10-04,92.69188690185547
2022-10-05,91.80558013916016
2022-10-06,91.29534149169922
2022-10-07,90.40904235839844
2022-10-10,89.00354766845703
2022-10-11,89.39740753173828
2022-10-12,89.83609008789062
2022-10-13,88.9766845703125
2022-10-14,88.24256896972656
2022-10-17,87.81287384033203
2022-10-18,88.01876831054688
2022-10-19,86.41630554199219
2022-10-20,84.93919372558594
2022-10-21,83.40836334228516
2022-10-24,82.71903228759766
2022-10-25,85.12721252441406
2022-10-26,86.35364532470703
2022-10-27,87.25784301757812
2022-10-28,86.65803527832031
2022-10-31,86.04032897949219
2022-11-01,86.84441375732422
2022-11-02,86.46752166748047
2022-11-03,86.0008544921875
2022-11-04,84.55597686767578
2022-11-07,83.71238708496094
2022-11-08,84.62776184082031
2022-11-09,84.90596008300781
2022-11-10,88.17261505126953
2022-11-11,87.84954833984375
2022-11-14,87.63417053222656
2022-11-15,89.05210876464844
2022-11-16,90.9995346069336
2022-11-17,90.03929138183594
2022-11-18,89.42005157470703
2022-11-21,89.7969741821289
2022-11-22,91.07131958007812
2022-11-23,92.6597900390625
2022-11-25,92.34567260742188
2022-11-28,92.60594940185547
2022-11-29,91.52006530761719
2022-11-30,92.19310760498047
2022-12-01,95.1383056640625
2022-12-02,96.33473205566406
2022-12-05,94.98536682128906
2022-12-06,96.20878601074219
2022-12-07,98.47570037841797
2022-12-08,98.205810546875
2022-12-09,95.6510238647461
2022-12-12,95.95689392089844
2022-12-13,96.88348388671875
2022-12-14,97.29728698730469
2022-12-15,97.67691040039062
2022-12-16,96.58580017089844
2022-12-19,94.96268463134766
2022-12-20,93.27637481689453
2022-12-21,93.5108413696289
2022-12-22,93.4928207397461
2022-12-23,92.12216186523438
2022-12-27,90.30062866210938
2022-12-28,89.76860809326172
2022-12-29,90.7875747680664
2022-12-30,89.77764892578125
2023-01-03,91.49095916748047
2023-01-04,92.74435424804688
2023-01-05,93.1321029663086
2023-01-06,94.84542846679688
2023-01-09,95.35040283203125
2023-01-10,93.77233123779297
2023-01-11,95.29631042480469
2023-01-12,97.17193603515625
2023-01-13,96.26115417480469
2023-01-17,95.63895416259766
2023-01-18,97.95641326904297
2023-01-19,97.34325408935547
2023-01-20,95.76520538330078
2023-01-23,95.31433868408203
2023-01-24,96.68498992919922
2023-01-25,96.91944122314453
2023-01-26,96.46856689453125
2023-01-27,96.22510528564453
2023-01-30,95.87342071533203
2023-01-31,96.639892578125
2023-02-01,97.80162048339844
2023-02-02,97.92818450927734
2023-02-03,96.46360778808594
2023-02-06,95.7493896484375
2023-02-07,94.98094177246094
2023-02-08,95.43297576904297
2023-02-09,94.5289077758789
2023-02-10,93.47115325927734
2023-02-13,94.25769805908203
2023-02-14,94.04071807861328
2023-02-15,93.16378784179688
2023-02-16,91.84383392333984
2023-02-17,92.55804443359375
2023-02-21,90.75897979736328
2023-02-22,91.5906982421875
2023-02-23,92.4857177734375
2023-02-24,91.2833251953125
2023-02-27,91.53646087646484
2023-02-28,91.95233154296875
2023-03-01,90.96449279785156
2023-03-02,90.15786743164062
2023-03-03,92.342041015625
2023-03-06,91.62606811523438
2023-03-07,92.1879653930664
2023-03-08,92.2785873413086
2023-03-09,92.50518035888672
2023-03-10,95.69529724121094
2023-03-13,95.912841796875
2023-03-14,94.33588409423828
2023-03-15,96.15753173828125
2023-03-16,95.40531158447266
2023-03-17,96.83724212646484
2023-03-20,95.98532104492188
2023-03-21,95.16059112548828
2023-03-22,96.42940521240234
2023-03-23,96.42940521240234
2023-03-24,96.83724212646484
2023-03-27,94.56243896484375
2023-03-28,94.73463439941406
2023-03-29,94.5443344116211
2023-03-30,94.97935485839844
2023-03-31,96.40221405029297
2023-04-03,96.8556137084961
2023-04-04,97.33717346191406
2023-04-05,98.35478210449219
2023-04-06,98.60918426513672
2023-04-10,97.01915740966797
2023-04-11,97.21903228759766
2023-04-12,97.11911010742188
2023-04-13,96.35588073730469
2023-04-14,95.47454071044922
2023-04-17,94.33881378173828
2023-04-18,94.67500305175781
2023-04-19,94.5841293334961
2023-04-20,95.39278411865234
2023-04-21,94.85670471191406
2023-04-24,95.77440643310547
2023-04-25,97.18270111083984
2023-04-26,96.14691925048828
2023-04-27,95.19290161132812
2023-04-28,96.72840881347656
2023-05-01,93.93927764892578
2023-05-02,96.2802505493164
2023-05-03,96.81768798828125
2023-05-04,95.8612289428711
2023-05-05,95.54244232177734
2023-05-08,94.20342254638672
2023-05-09,93.86640930175781
2023-05-10,94.77731323242188
2023-05-11,95.77925872802734
2023-05-12,94.97769927978516
2023-05-15,93.99394989013672
2023-05-16,93.71158599853516
2023-05-17,93.43829345703125
2023-05-18,92.74603271484375
2023-05-19,92.09019470214844
2023-05-22,91.76228332519531
2023-05-23,92.02643585205078
2023-05-24,91.57099914550781
2023-05-25,91.34325408935547
2023-05-26,92.08110046386719
2023-05-30,93.00106048583984
2023-05-31,93.81175994873047
2023-06-01,94.1798324584961
2023-06-02,93.14779663085938
2023-06-05,92.97428131103516
2023-06-06,93.5222396850586
2023-06-07,92.13401794433594
2023-06-08,93.21172332763672
2023-06-09,93.08386993408203
2023-06-12,93.35785675048828
2023-06-13,92.43540954589844
2023-06-14,93.17518615722656
2023-06-15,94.07023620605469
2023-06-16,93.70489501953125
2023-06-20,94.35333251953125
2023-06-21,94.5816650390625
2023-06-22,93.4400405883789
2023-06-23,94.37162780761719
2023-06-26,94.47209930419922
2023-06-27,94.22547912597656
2023-06-28,94.62733459472656
2023-06-29,92.91944885253906
2023-06-30,94.01541900634766
2023-07-03,93.48246002197266
2023-07-05,92.59416198730469
2023-07-06,91.28457641601562
2023-07-07,90.73511505126953
2023-07-10,90.85417175292969
2023-07-11,91.32120513916016
2023-07-12,92.33773040771484
2023-07-13,93.3084487915039
2023-07-14,92.75900268554688
2023-07-17,92.80477905273438
2023-07-18,93.22602844238281
2023-07-19,94.27916717529297
2023-07-20,93.13446807861328
2023-07-21,93.16191864013672
2023-07-24,92.82308197021484
2023-07-25,92.64910125732422
2023-07-26,92.74063873291016
2023-07-27,90.93659210205078
2023-07-28,91.40362548828125
2023-07-31,91.6234359741211
2023-08-01,90.12200164794922
2023-08-02,89.15778350830078
2023-08-03,87.1008071899414
2023-08-04,88.6435317993164
2023-08-07,87.7711410522461
2023-08-08,88.79045104980469
2023-08-09,89.2496109008789
2023-08-10,87.78033447265625
2023-08-11,87.57831573486328
2023-08-14,87.3854751586914
2023-08-15,86.85286712646484
2023-08-16,86.17330169677734
2023-08-17,85.80598449707031
2023-08-18,86.10901641845703
2023-08-21,84.96112823486328
2023-08-22,85.61312866210938
2023-08-23,87.73442077636719
2023-08-24,87.15587615966797
2023-08-25,87.44054412841797
2023-08-28,87.53239440917969
2023-08-29,88.44151306152344
2023-08-30,88.34967041015625
2023-08-31,88.74454498291016
2023-09-01,87.36204528808594
2023-09-05,86.13704681396484
2023-09-06,86.34888458251953
2023-09-07,86.58834838867188
2023-09-08,86.91995239257812
2023-09-11,86.29363250732422
2023-09-12,86.79100799560547
2023-09-13,86.77257537841797
2023-09-14,86.14625549316406
2023-09-15,85.62124633789062
2023-09-18,86.1093978881836
2023-09-19,85.473876953125
2023-09-20,85.74099731445312
2023-09-21,83.53968811035156
2023-09-22,84.21202087402344
2023-09-25,82.13966369628906
2023-09-26,81.8541488647461
2023-09-27,81.43047332763672
2023-09-28,81.67912292480469
2023-09-29,81.68836975097656
2023-10-02,80.32089233398438
2023-10-03,78.59302520751953
2023-10-04,79.70182037353516
2023-10-05,79.30449676513672
2023-10-06,78.34357452392578
2023-10-09,80.1822738647461
2023-10-10,80.0713882446289
2023-10-11,81.74378204345703
2023-10-12,79.52626037597656
2023-10-13,80.94916534423828
2023-10-16,79.64634704589844
2023-10-17,78.76859283447266
2023-10-18,78.07562255859375
2023-10-19,76.47715759277344
2023-10-20,76.91140747070312
2023-10-23,77.83540344238281
2023-10-24,78.86097717285156
2023-10-25,77.10543823242188
2023-10-26,78.28813171386719
2023-10-27,77.95552062988281
2023-10-30,77.6043930053711
2023-10-31,77.2255859375
2023-11-01,78.89997863769531
2023-11-02,80.69864654541016
2023-11-03,81.24565887451172
2023-11-06,80.45758819580078
2023-11-07,81.64434051513672
2023-11-08,83.03504943847656
2023-11-09,81.1251220703125
2023-11-10,81.57943725585938
2023-11-13,81.39401245117188
2023-11-14,83.23902893066406
2023-11-15,82.07080841064453
2023-11-16,83.09066772460938
2023-11-17,83.48006439208984
2023-11-20,83.98999786376953
2023-11-21,83.95293426513672
2023-11-22,84.24961853027344
2023-11-24,83.25756072998047
2023-11-27,84.6482925415039
2023-11-28,84.8151626586914
2023-11-29,85.88139343261719
2023-11-30,84.88932800292969
2023-12-01,86.48815155029297
2023-12-04,86.1440200805664
2023-12-05,87.9948959350586
2023-12-06,89.16678619384766
2023-12-07,88.65522766113281
2023-12-08,87.92975616455078
2023-12-11,87.74375915527344
2023-12-12,88.00418090820312
2023-12-13,90.06895446777344
2023-12-14,92.41191864013672
2023-12-15,92.51455688476562
2023-12-18,91.77739715576172
2023-12-19,92.27195739746094
2023-12-20,92.8970947265625
2023-12-21,92.30928039550781
2023-12-22,91.8893814086914
2023-12-26,92.15064239501953
2023-12-27,93.78352355957031
2023-12-28,93.10240173339844
2023-12-29,92.26264190673828
2024-01-02,91.73076629638672
2024-01-03,92.11333465576172
2024-01-04,90.7137222290039
2024-01-05,89.84596252441406
2024-01-08,90.73236846923828
2024-01-09,90.15386962890625
2024-01-10,89.73399353027344
2024-01-11,90.23784637451172
2024-01-12,90.0605697631836
2024-01-16,88.47431182861328
2024-01-17,88.3343734741211
2024-01-18,87.51325988769531
2024-01-19,87.7931900024414
2024-01-22,88.31571197509766
2024-01-23,87.61591339111328
2024-01-24,87.10269927978516
2024-01-25,87.67186737060547
2024-01-26,87.5039291381836
2024-01-29,88.51166534423828
2024-01-30,89.31410217285156
2024-01-31,90.19120788574219
2024-02-01,91.96038055419922
2024-02-02,89.9291000366211
2024-02-05,88.11309051513672
2024-02-06,88.97428894042969
2024-02-07,88.54369354248047
2024-02-08,88.02885437011719
2024-02-09,87.8509750366211
2024-02-12,87.95396423339844
2024-02-13,86.44688415527344
2024-02-14,86.8868408203125
2024-02-15,87.33615112304688
2024-02-16,86.8306655883789
2024-02-20,86.90556335449219
2024-02-21,86.28772735595703
2024-02-22,86.708984375
2024-02-23,87.86972045898438
2024-02-26,87.60759735107422
2024-02-27,86.98980712890625
2024-02-28,87.5420913696289
2024-02-29,88.15989685058594
2024-03-01,88.709228515625
2024-03-04,88.35240173339844
2024-03-05,89.61067962646484
2024-03-06,90.13654327392578
2024-03-07,90.0520248413086
2024-03-08,89.89238739013672
2024-03-11,89.84544372558594
2024-03-12,89.09422302246094
2024-03-13,88.66226959228516
2024-03-14,87.30069732666016
2024-03-15,87.27252960205078
2024-03-18,87.00961303710938
2024-03-19,87.25374603271484
2024-03-20,87.22557067871094
2024-03-21,87.41337585449219
2024-03-22,88.24910736083984
2024-03-25,87.80776977539062
2024-03-26,88.05191040039062
2024-03-27,88.9251937866211
2024-03-28,88.85009002685547
2024-04-01,87.19384002685547
2024-04-02,86.71332550048828
2024-04-03,86.69450378417969
2024-04-04,87.31629943847656
2024-04-05,86.10095977783203
2024-04-08,86.09150695800781
2024-04-09,86.89234161376953
2024-04-10,84.99867248535156
2024-04-11,84.61239624023438
2024-04-12,85.06461334228516
2024-04-15,83.74565124511719
2024-04-16,83.18978881835938
2024-04-17,84.1130599975586
2024-04-18,83.6891098022461
2024-04-19,83.99059295654297
2024-04-22,83.84927368164062
2024-04-23,83.87753295898438
2024-04-24,83.28398895263672
2024-04-25,82.69987487792969
2024-04-26,83.13324737548828
2024-04-29,83.83042907714844
2024-04-30,83.11441040039062
2024-05-01,83.72705078125
2024-05-02,84.08631896972656
2024-05-03,84.93718719482422
2024-05-06,85.26809692382812
2024-05-07,85.7880859375
2024-05-08,85.26809692382812
2024-05-09,85.68407440185547
2024-05-10,85.2019271850586
2024-05-13,85.41937255859375
2024-05-14,85.90152740478516
2024-05-15,87.07386016845703
2024-05-16,86.98877716064453
2024-05-17,86.4026107788086
2024-05-20,86.14734649658203
2024-05-21,86.5916976928711
2024-05-22,86.6957015991211
2024-05-23,86.13790130615234
2024-05-24,86.39312744140625
2024-05-28,85.1546630859375
2024-05-29,84.12413024902344
2024-05-30,84.93718719482422
2024-05-31,85.513916015625
2024-06-03,86.89704895019531
2024-06-04,87.91211700439453
2024-06-05,88.55718994140625
2024-06-06,88.42439270019531
2024-06-07,86.80220031738281
2024-06-10,86.22351837158203
2024-06-11,87.1152572631836
2024-06-12,87.76980590820312
2024-06-13,89.05998992919922
2024-06-14,89.8094253540039
2024-06-17,88.9177017211914
2024-06-18,89.73352813720703
2024-06-20,89.1358871459961
2024-06-21,89.1358871459961
2024-06-24,89.49638366699219
2024-06-25,89.64815521240234
2024-06-26,88.36746978759766
2024-06-27,88.71846771240234
2024-06-28,87.06782531738281
2024-07-01,85.56512451171875
2024-07-02,86.2313003540039
2024-07-03,87.36377716064453
2024-07-05,88.0870590209961
2024-07-08,88.27737426757812
2024-07-09,87.88719940185547
2024-07-10,88.1631851196289
2024-07-11,89.01969909667969
2024-07-12,89.40036010742188
2024-07-15,88.37257385253906
2024-07-16,89.61924743652344
2024-07-17,89.6382827758789
2024-07-18,88.95309448242188
2024-07-19,88.42965698242188
2024-07-22,88.1727066040039
2024-07-23,88.04898071289062
2024-07-24,87.0973129272461
2024-07-25,87.81106567382812
2024-07-26,88.49627685546875
2024-07-29,88.97212219238281
2024-07-30,89.31470489501953
2024-07-31,90.22833251953125
2024-08-01,91.00651550292969
2024-08-02,93.84242248535156
2024-08-05,94.33894348144531
2024-08-06,92.22872924804688
2024-08-07,91.5794448852539
2024-08-08,91.01605987548828
2024-08-09,91.91361999511719
2024-08-12,92.24781799316406
2024-08-13,92.88756561279297
2024-08-14,93.47002410888672
2024-08-15,92.71569061279297
2024-08-16,93.04035186767578
2024-08-19,93.47002410888672
2024-08-20,94.21481323242188
2024-08-21,94.27210235595703
2024-08-22,93.33634185791016
2024-08-23,93.94745635986328
2024-08-26,93.70873260498047
2024-08-27,93.5464096069336
2024-08-28,93.43183135986328
2024-08-29,93.12628173828125
2024-08-30,92.13323974609375
2024-09-03,93.64009857177734
2024-09-04,94.84713745117188
2024-09-05,95.38359832763672
2024-09-06,95.3740005493164
2024-09-09,95.78592681884766
2024-09-10,96.45650482177734
2024-09-11,96.3798599243164
2024-09-12,95.92961120605469
2024-09-13,96.18829345703125
2024-09-16,97.06958770751953
2024-09-17,96.60018157958984
2024-09-18,95.40274047851562
2024-09-19,95.08663177490234
2024-09-20,94.72259521484375
2024-09-23,94.52143859863281
2024-09-24,94.50227355957031
2024-09-25,93.71675109863281
2024-09-26,93.93707275390625
2024-09-27,94.42562103271484
2024-09-30,93.97539520263672
2024-10-01,94.65389251708984
2024-10-02,93.85621643066406
2024-10-03,92.97205352783203
2024-10-04,91.82841491699219
2024-10-07,91.1364517211914
2024-10-08,91.29020690917969
2024-10-09,90.77125549316406
2024-10-10,90.4156494140625
2024-10-11,90.05046081542969
2024-10-14,90.11772918701172
2024-10-15,91.21332550048828
2024-10-16,91.59774780273438
2024-10-17,90.14656829833984
2024-10-18,90.2138442993164
2024-10-21,88.63772583007812
2024-10-22,88.72420501708984
2024-10-23,88.48395538330078
2024-10-24,89.05096435546875
2024-10-25,88.55121612548828
2024-10-28,88.31095886230469
2024-10-29,88.44551086425781
2024-10-30,88.70498657226562
2024-10-31,88.8491439819336
2024-11-01,87.5965347290039
2024-11-04,88.95618438720703
2024-11-05,89.42868041992188
2024-11-06,86.97938537597656
2024-11-07,88.06904602050781
2024-11-08,89.18761444091797
2024-11-11,88.7536849975586
2024-11-12,87.42296600341797
2024-11-13,86.59366607666016
2024-11-14,87.0950927734375
2024-11-15,86.8636703491211
2024-11-18,87.01793670654297
2024-11-19,87.46151733398438
2024-11-20,87.18190002441406
2024-11-21,87.11436462402344
2024-11-22,87.16259002685547
2024-11-25,89.41905212402344
2024-11-26,89.0718994140625
2024-11-27,89.68905639648438
2024-11-29,90.61477661132812
2024-12-02,90.8324966430664
2024-12-03,90.04869842529297
2024-12-04,91.01634216308594
2024-12-05,91.2001953125
2024-12-06,91.33566284179688
2024-12-09,90.49382019042969
2024-12-10,90.06805419921875
2024-12-11,89.21651458740234
2024-12-12,88.13277435302734
2024-12-13,87.23286437988281
2024-12-16,87.49412536621094
2024-12-17,87.70700073242188
2024-12-18,86.61029815673828
2024-12-19,85.29891204833984
2024-12-20,85.78459167480469
2024-12-23,84.99777221679688
2024-12-24,85.35718536376953
2024-12-26,85.3086166381836
2024-12-27,84.60919952392578
2024-12-30,85.2891845703125
2024-12-31,84.83263397216797
2025-01-02,85.0657730102539
2025-01-03,84.79376983642578
2025-01-06,84.41493225097656
2025-01-07,83.46295166015625
2025-01-08,83.56979370117188
2025-01-10,83.01610565185547
2025-01-13,82.98695373535156
2025-01-14,82.85096740722656
2025-01-15,84.2789306640625
2025-01-16,84.5509262084961
2025-01-17,84.69664001464844
2025-01-21,85.45431518554688
2025-01-22,85.00748443603516
2025-01-23,84.346923828125
2025-01-24,84.72577667236328
2025-01-27,85.726318359375
2025-01-28,85.66803741455078
2025-01-29,85.49317169189453
2025-01-30,85.81373596191406
2025-01-31,85.25032806396484
2025-02-03,85.94444274902344
2025-02-04,86.20765686035156
2025-02-05,87.6309585571289
2025-02-06,87.59196472167969
2025-02-07,87.02654266357422
2025-02-10,86.76332092285156
2025-02-11,86.20765686035156
2025-02-12,85.03781127929688
2025-02-13,86.45136260986328
2025-02-14,86.9095687866211
2025-02-18,85.88594818115234
2025-02-19,85.9931869506836
2025-02-20,86.31488800048828
2025-02-21,87.3580093383789
2025-02-24,87.6114730834961
2025-02-25,89.12250518798828
2025-02-26,89.64893341064453
2025-02-27,89.01527404785156
2025-02-28,90.10713195800781
2025-03-03,90.52764129638672
2025-03-04,89.41280364990234
2025-03-05,88.69889068603516
2025-03-06,88.40552520751953
2025-03-07,88.12191772460938
2025-03-10,89.04118347167969
2025-03-11,88.40552520751953
2025-03-12,87.87743377685547
2025-03-13,88.65000915527344
2025-03-14,88.18058776855469
2025-03-17,88.62066650390625
2025-03-18,88.70867919921875
2025-03-19,89.16830444335938
2025-03-20,89.22699737548828
2025-03-21,88.69889068603516
2025-03-24,87.78941345214844
2025-03-25,87.77964782714844
2025-03-26,87.2026596069336
2025-03-27,86.94839477539062
2025-03-28,88.15126037597656
2025-03-31,89.02161407470703
2025-04-01,89.79303741455078
2025-04-02,89.7341537475586
2025-04-03,90.1463623046875
2025-04-04,91.12781524658203
2025-04-07,88.37975311279297
2025-04-08,86.7112808227539
2025-04-09,87.22163391113281
2025-04-10,84.81707763671875
2025-04-11,85.27835845947266
2025-04-14,85.8868637084961
2025-04-15,86.19111633300781
2025-04-16,86.6720199584961
2025-04-17,85.90648651123047
2025-04-21,84.40487670898438
2025-04-22,84.87596893310547
2025-04-23,85.70039367675781
2025-04-24,86.60331726074219
2025-04-25,87.24127197265625
2025-04-28,87.79087829589844
2025-04-29,88.52696990966797
2025-04-30,87.81050109863281
2025-05-01,87.36526489257812
2025-05-02,86.41960144042969
2025-05-05,85.9369125366211
2025-05-06,86.22257995605469
2025-05-07,86.5870590209961
2025-05-08,85.62169647216797
2025-05-09,85.74976348876953
2025-05-12,84.95185852050781
2025-05-13,84.60707092285156
2025-05-14,84.04559326171875
2025-05-15,84.78439331054688
2025-05-16,85.0109634399414
2025-05-19,84.76468658447266
2025-05-20,84.15394592285156
2025-05-21,82.71575927734375
2025-05-22,83.1491928100586
2025-05-23,83.28710174560547
2025-05-27,84.44947814941406
2025-05-28,84.08499908447266
2025-05-29,84.86319732666016
2025-05-30,84.99125671386719
2025-06-02,84.20027923583984
2025-06-03,84.05197143554688
2025-06-04,85.41641235351562
2025-06-05,85.47572326660156
2025-06-06,84.38813018798828
2025-06-09,84.47711944580078
2025-06-10,84.91215515136719
2025-06-11,85.16922760009766
2025-06-12,86.18761444091797
2025-06-13,85.35709381103516
2025-06-16,84.49689483642578
2025-06-17,85.5251693725586
2025-06-18,85.6734848022461
2025-06-20,85.5152816772461
2025-06-23,85.79212188720703
2025-06-24,86.4150390625
2025-06-25,86.52378845214844
2025-06-26,86.95883178710938
2025-06-27,86.40513610839844
2025-06-30,87.25543975830078
2025-07-01,87.47179412841797
2025-07-02,86.91604614257812
2025-07-03,86.3106689453125
2025-07-07,85.4869613647461
2025-07-08,85.3777847290039
2025-07-09,86.2709732055664
2025-07-10,86.33051300048828
2025-07-11,85.13961791992188
2025-07-14,84.96097564697266
2025-07-15,84.36552429199219
2025-07-16,84.48461151123047
2025-07-17,84.46476745605469
2025-07-18,84.59378051757812
2025-07-21,85.34801483154297
2025-07-22,85.86407470703125
2025-07-23,85.3877182006836
2025-07-24,85.23885345458984
2025-07-25,85.7747573852539
2025-07-28,85.21900939941406
2025-07-29,86.65801239013672
2025-07-30,86.21142578125
2025-07-31,86.26104736328125
2025-08-01,87.48738098144531
2025-08-04,87.72647094726562
2025-08-05,87.99545288085938
2025-08-06,87.48738098144531
2025-08-07,87.33794403076172
2025-08-08,86.95938873291016
2025-08-11,87.05900573730469
2025-08-12,86.62067413330078
2025-08-13,87.33794403076172
2025-08-14,86.6904067993164
2025-08-15,86.07276153564453
2025-08-18,85.8237075805664
2025-08-19,86.32181549072266
2025-08-20,86.5110855102539
2025-08-21,86.08272552490234
2025-08-22,86.72029876708984
2025-08-25,86.47124481201172
2025-08-26,86.42143249511719
2025-08-27,86.32181549072266
2025-08-28,86.88965606689453
2025-08-29,86.27200317382812
2025-09-02,85.62999725341797
2025-09-03,86.56999969482422
